scheme,date,nav
HDFC_Top100_Direct,2013-11-18,13.0894
HDFC_Top100_Direct,2013-11-19,13.1068
HDFC_Top100_Direct,2013-11-20,12.9549
HDFC_Top100_Direct,2013-11-21,12.7957
HDFC_Top100_Direct,2013-11-22,12.7775
HDFC_Top100_Direct,2013-11-25,12.8548
HDFC_Top100_Direct,2013-11-26,12.8591
HDFC_Top100_Direct,2013-11-27,12.8389
HDFC_Top100_Direct,2013-11-28,12.8773
HDFC_Top100_Direct,2013-11-29,12.9509
HDFC_Top100_Direct,2013-12-02,13.0012
HDFC_Top100_Direct,2013-12-03,13.0048
HDFC_Top100_Direct,2013-12-04,12.9799
HDFC_Top100_Direct,2013-12-05,13.0319
HDFC_Top100_Direct,2013-12-06,13.0439
HDFC_Top100_Direct,2013-12-09,13.0282
HDFC_Top100_Direct,2013-12-10,13.0325
HDFC_Top100_Direct,2013-12-11,13.0129
HDFC_Top100_Direct,2013-12-12,13.0021
HDFC_Top100_Direct,2013-12-13,12.9891
HDFC_Top100_Direct,2013-12-16,13.0345
HDFC_Top100_Direct,2013-12-17,12.9569
HDFC_Top100_Direct,2013-12-18,13.0672
HDFC_Top100_Direct,2013-12-19,13.1392
HDFC_Top100_Direct,2013-12-20,13.1776
HDFC_Top100_Direct,2013-12-23,13.1886
HDFC_Top100_Direct,2013-12-24,13.2683
HDFC_Top100_Direct,2013-12-26,13.4811
HDFC_Top100_Direct,2013-12-27,13.5024
HDFC_Top100_Direct,2013-12-30,13.5862
HDFC_Top100_Direct,2013-12-31,13.7277
HDFC_Top100_Direct,2014-01-01,13.7418
HDFC_Top100_Direct,2014-01-02,13.7553
HDFC_Top100_Direct,2014-01-03,13.8494
HDFC_Top100_Direct,2014-01-06,13.8568
HDFC_Top100_Direct,2014-01-07,13.9214
HDFC_Top100_Direct,2014-01-08,14.0081
HDFC_Top100_Direct,2014-01-09,13.8644
HDFC_Top100_Direct,2014-01-10,13.8143
HDFC_Top100_Direct,2014-01-13,13.7909
HDFC_Top100_Direct,2014-01-14,13.8249
HDFC_Top100_Direct,2014-01-15,14.0209
HDFC_Top100_Direct,2014-01-16,14.0042
HDFC_Top100_Direct,2014-01-17,13.7841
HDFC_Top100_Direct,2014-01-20,13.8144
HDFC_Top100_Direct,2014-01-21,13.8659
HDFC_Top100_Direct,2014-01-22,13.9302
HDFC_Top100_Direct,2014-01-23,13.9537
HDFC_Top100_Direct,2014-01-24,13.8688
HDFC_Top100_Direct,2014-01-27,13.6829
HDFC_Top100_Direct,2014-01-28,13.5678
HDFC_Top100_Direct,2014-01-29,13.4977
HDFC_Top100_Direct,2014-01-30,13.4661
HDFC_Top100_Direct,2014-01-31,13.6059
HDFC_Top100_Direct,2014-02-03,13.4995
HDFC_Top100_Direct,2014-02-04,13.4717
HDFC_Top100_Direct,2014-02-05,13.5431
HDFC_Top100_Direct,2014-02-06,13.5883
HDFC_Top100_Direct,2014-02-07,13.5552
HDFC_Top100_Direct,2014-02-10,13.7402
HDFC_Top100_Direct,2014-02-11,13.6983
HDFC_Top100_Direct,2014-02-12,13.6874
HDFC_Top100_Direct,2014-02-13,13.678
HDFC_Top100_Direct,2014-02-14,13.5948
HDFC_Top100_Direct,2014-02-17,13.6423
HDFC_Top100_Direct,2014-02-18,13.6801
HDFC_Top100_Direct,2014-02-19,13.801
HDFC_Top100_Direct,2014-02-20,13.8913
HDFC_Top100_Direct,2014-02-21,14.037
HDFC_Top100_Direct,2014-02-24,14.1905
HDFC_Top100_Direct,2014-02-25,14.2704
HDFC_Top100_Direct,2014-02-26,14.1733
HDFC_Top100_Direct,2014-02-28,14.2102
HDFC_Top100_Direct,2014-03-03,14.2753
HDFC_Top100_Direct,2014-03-04,14.4166
HDFC_Top100_Direct,2014-03-05,14.5448
HDFC_Top100_Direct,2014-03-06,14.6678
HDFC_Top100_Direct,2014-03-07,14.5275
HDFC_Top100_Direct,2014-03-10,14.5576
HDFC_Top100_Direct,2014-03-11,14.6449
HDFC_Top100_Direct,2014-03-12,14.7175
HDFC_Top100_Direct,2014-03-13,14.7121
HDFC_Top100_Direct,2014-03-14,14.6527
HDFC_Top100_Direct,2014-03-18,14.7961
HDFC_Top100_Direct,2014-03-19,14.7118
HDFC_Top100_Direct,2014-03-20,14.8045
HDFC_Top100_Direct,2014-03-21,14.9389
HDFC_Top100_Direct,2014-03-24,14.9833
HDFC_Top100_Direct,2014-03-25,15.017
HDFC_Top100_Direct,2014-03-26,15.0172
HDFC_Top100_Direct,2014-03-27,15.016
HDFC_Top100_Direct,2014-03-28,15.1698
HDFC_Top100_Direct,2014-03-31,15.2761
HDFC_Top100_Direct,2014-04-01,15.3236
HDFC_Top100_Direct,2014-04-02,15.5261
HDFC_Top100_Direct,2014-04-03,15.5016
HDFC_Top100_Direct,2014-04-04,15.6554
HDFC_Top100_Direct,2014-04-07,15.7238
HDFC_Top100_Direct,2014-04-09,15.7721
HDFC_Top100_Direct,2014-04-10,15.7832
HDFC_Top100_Direct,2014-04-11,15.8805
HDFC_Top100_Direct,2014-04-15,15.959
HDFC_Top100_Direct,2014-04-16,15.8341
HDFC_Top100_Direct,2014-04-17,15.9681
HDFC_Top100_Direct,2014-04-21,16.061
HDFC_Top100_Direct,2014-04-22,16.1917
HDFC_Top100_Direct,2014-04-23,16.2362
HDFC_Top100_Direct,2014-04-25,16.2714
HDFC_Top100_Direct,2014-04-28,16.3857
HDFC_Top100_Direct,2014-04-29,16.4239
HDFC_Top100_Direct,2014-04-30,16.194
HDFC_Top100_Direct,2014-05-02,16.1784
HDFC_Top100_Direct,2014-05-05,16.1466
HDFC_Top100_Direct,2014-05-06,16.2026
HDFC_Top100_Direct,2014-05-07,16.2031
HDFC_Top100_Direct,2014-05-08,16.2601
HDFC_Top100_Direct,2014-05-09,16.2665
HDFC_Top100_Direct,2014-05-12,16.236
HDFC_Top100_Direct,2014-05-13,16.318
HDFC_Top100_Direct,2014-05-14,16.3868
HDFC_Top100_Direct,2014-05-15,16.2742
HDFC_Top100_Direct,2014-05-16,16.3354
HDFC_Top100_Direct,2014-05-19,16.6375
HDFC_Top100_Direct,2014-05-20,17.0756
HDFC_Top100_Direct,2014-05-21,17.3618
HDFC_Top100_Direct,2014-05-22,17.6336
HDFC_Top100_Direct,2014-05-23,17.5799
HDFC_Top100_Direct,2014-05-26,17.2722
HDFC_Top100_Direct,2014-05-27,17.4244
HDFC_Top100_Direct,2014-05-28,17.7014
HDFC_Top100_Direct,2014-05-29,17.6411
HDFC_Top100_Direct,2014-05-30,17.5999
HDFC_Top100_Direct,2014-06-02,17.7284
HDFC_Top100_Direct,2014-06-03,17.7281
HDFC_Top100_Direct,2014-06-04,18.0406
HDFC_Top100_Direct,2014-06-05,18.2638
HDFC_Top100_Direct,2014-06-06,18.5395
HDFC_Top100_Direct,2014-06-09,18.8095
HDFC_Top100_Direct,2014-06-10,18.9611
HDFC_Top100_Direct,2014-06-11,18.7536
HDFC_Top100_Direct,2014-06-12,18.9265
HDFC_Top100_Direct,2014-06-13,18.7545
HDFC_Top100_Direct,2014-06-16,18.7174
HDFC_Top100_Direct,2014-06-17,19.0015
HDFC_Top100_Direct,2014-06-18,19.2167
HDFC_Top100_Direct,2014-06-19,19.1541
HDFC_Top100_Direct,2014-06-20,19.1702
HDFC_Top100_Direct,2014-06-23,19.1147
HDFC_Top100_Direct,2014-06-24,19.1991
HDFC_Top100_Direct,2014-06-25,19.3056
HDFC_Top100_Direct,2014-06-26,19.5189
HDFC_Top100_Direct,2014-06-27,19.669
HDFC_Top100_Direct,2014-06-30,20.0705
HDFC_Top100_Direct,2014-07-01,20.2237
HDFC_Top100_Direct,2014-07-02,20.3994
HDFC_Top100_Direct,2014-07-03,20.539
HDFC_Top100_Direct,2014-07-04,20.7887
HDFC_Top100_Direct,2014-07-07,20.9874
HDFC_Top100_Direct,2014-07-08,20.4515
HDFC_Top100_Direct,2014-07-09,20.1567
HDFC_Top100_Direct,2014-07-10,20.1881
HDFC_Top100_Direct,2014-07-11,19.8392
HDFC_Top100_Direct,2014-07-14,19.7798
HDFC_Top100_Direct,2014-07-15,19.9854
HDFC_Top100_Direct,2014-07-16,20.4248
HDFC_Top100_Direct,2014-07-17,20.8995
HDFC_Top100_Direct,2014-07-18,20.8316
HDFC_Top100_Direct,2014-07-21,21.28
HDFC_Top100_Direct,2014-07-22,21.363
HDFC_Top100_Direct,2014-07-23,21.24
HDFC_Top100_Direct,2014-07-24,21.3216
HDFC_Top100_Direct,2014-07-25,21.1489
HDFC_Top100_Direct,2014-07-28,21.1246
HDFC_Top100_Direct,2014-07-30,21.0491
HDFC_Top100_Direct,2014-07-31,21.0652
HDFC_Top100_Direct,2014-08-01,20.8274
HDFC_Top100_Direct,2014-08-04,21.1423
HDFC_Top100_Direct,2014-08-05,21.1792
HDFC_Top100_Direct,2014-08-06,21.2068
HDFC_Top100_Direct,2014-08-07,21.1366
HDFC_Top100_Direct,2014-08-08,20.9051
HDFC_Top100_Direct,2014-08-11,21.0294
HDFC_Top100_Direct,2014-08-12,20.9523
HDFC_Top100_Direct,2014-08-13,20.4227
HDFC_Top100_Direct,2014-08-14,20.6268
HDFC_Top100_Direct,2014-08-18,20.9437
HDFC_Top100_Direct,2014-08-19,21.1964
HDFC_Top100_Direct,2014-08-20,21.5099
HDFC_Top100_Direct,2014-08-21,21.8125
HDFC_Top100_Direct,2014-08-22,21.898
HDFC_Top100_Direct,2014-08-25,21.7299
HDFC_Top100_Direct,2014-08-26,21.6681
HDFC_Top100_Direct,2014-08-27,22.0752
HDFC_Top100_Direct,2014-08-28,22.1709
HDFC_Top100_Direct,2014-09-01,22.5292
HDFC_Top100_Direct,2014-09-02,22.6476
HDFC_Top100_Direct,2014-09-03,22.842
HDFC_Top100_Direct,2014-09-04,22.8661
HDFC_Top100_Direct,2014-09-05,22.9624
HDFC_Top100_Direct,2014-09-08,23.31
HDFC_Top100_Direct,2014-09-09,23.6853
HDFC_Top100_Direct,2014-09-10,23.8862
HDFC_Top100_Direct,2014-09-11,24.41
HDFC_Top100_Direct,2014-09-12,24.6248
HDFC_Top100_Direct,2014-09-15,24.7489
HDFC_Top100_Direct,2014-09-16,24.0716
HDFC_Top100_Direct,2014-09-17,24.2051
HDFC_Top100_Direct,2014-09-18,24.5974
HDFC_Top100_Direct,2014-09-19,24.6537
HDFC_Top100_Direct,2014-09-22,24.9688
HDFC_Top100_Direct,2014-09-23,24.5235
HDFC_Top100_Direct,2014-09-24,24.1531
HDFC_Top100_Direct,2014-09-25,23.6113
HDFC_Top100_Direct,2014-09-26,23.6912
HDFC_Top100_Direct,2014-09-29,23.9932
HDFC_Top100_Direct,2014-09-30,24.2982
HDFC_Top100_Direct,2014-10-01,24.1597
HDFC_Top100_Direct,2014-10-07,23.9234
HDFC_Top100_Direct,2014-10-08,24.0609
HDFC_Top100_Direct,2014-10-09,24.0814
HDFC_Top100_Direct,2014-10-10,23.7407
HDFC_Top100_Direct,2014-10-13,23.8232
HDFC_Top100_Direct,2014-10-14,23.7147
HDFC_Top100_Direct,2014-10-16,23.2763
HDFC_Top100_Direct,2014-10-17,23.3519
HDFC_Top100_Direct,2014-10-20,23.3913
HDFC_Top100_Direct,2014-10-21,23.54
HDFC_Top100_Direct,2014-10-22,23.8185
HDFC_Top100_Direct,2014-10-27,23.9115
HDFC_Top100_Direct,2014-10-28,24.0775
HDFC_Top100_Direct,2014-10-29,24.2092
HDFC_Top100_Direct,2014-10-30,24.2267
HDFC_Top100_Direct,2014-10-31,24.3031
HDFC_Top100_Direct,2014-11-03,24.5647
HDFC_Top100_Direct,2014-11-05,24.6593
HDFC_Top100_Direct,2014-11-07,24.567
HDFC_Top100_Direct,2014-11-10,24.7095
HDFC_Top100_Direct,2014-11-11,24.92
HDFC_Top100_Direct,2014-11-12,25.2255
HDFC_Top100_Direct,2014-11-13,25.3732
HDFC_Top100_Direct,2014-11-14,25.4694
HDFC_Top100_Direct,2014-11-17,25.74
HDFC_Top100_Direct,2014-11-18,26.0028
HDFC_Top100_Direct,2014-11-19,26.0641
HDFC_Top100_Direct,2014-11-20,25.8923
HDFC_Top100_Direct,2014-11-21,25.9891
HDFC_Top100_Direct,2014-11-24,25.896
HDFC_Top100_Direct,2014-11-25,25.3911
HDFC_Top100_Direct,2014-11-26,25.6618
HDFC_Top100_Direct,2014-11-27,26.0216
HDFC_Top100_Direct,2014-11-28,26.2402
HDFC_Top100_Direct,2014-12-01,26.2093
HDFC_Top100_Direct,2014-12-02,26.5928
HDFC_Top100_Direct,2014-12-03,27.0697
HDFC_Top100_Direct,2014-12-04,27.342
HDFC_Top100_Direct,2014-12-05,27.3359
HDFC_Top100_Direct,2014-12-08,27.5153
HDFC_Top100_Direct,2014-12-09,27.0266
HDFC_Top100_Direct,2014-12-10,27.2901
HDFC_Top100_Direct,2014-12-11,27.739
HDFC_Top100_Direct,2014-12-12,27.4434
HDFC_Top100_Direct,2014-12-15,27.3527
HDFC_Top100_Direct,2014-12-16,26.791
HDFC_Top100_Direct,2014-12-17,26.2936
HDFC_Top100_Direct,2014-12-18,27.0853
HDFC_Top100_Direct,2014-12-19,27.1556
HDFC_Top100_Direct,2014-12-22,27.439
HDFC_Top100_Direct,2014-12-23,27.4262
HDFC_Top100_Direct,2014-12-24,27.4695
HDFC_Top100_Direct,2014-12-26,27.5386
HDFC_Top100_Direct,2014-12-29,28.1163
HDFC_Top100_Direct,2014-12-30,28.5876
HDFC_Top100_Direct,2014-12-31,29.2084
HDFC_Top100_Direct,2015-01-01,29.3671
HDFC_Top100_Direct,2015-01-02,29.4253
HDFC_Top100_Direct,2015-01-05,29.3031
HDFC_Top100_Direct,2015-01-06,28.566
HDFC_Top100_Direct,2015-01-07,28.7345
HDFC_Top100_Direct,2015-01-08,29.2325
HDFC_Top100_Direct,2015-01-09,29.2834
HDFC_Top100_Direct,2015-01-12,29.4713
HDFC_Top100_Direct,2015-01-13,29.4388
HDFC_Top100_Direct,2015-01-14,29.5028
HDFC_Top100_Direct,2015-01-15,29.6991
HDFC_Top100_Direct,2015-01-16,29.7293
HDFC_Top100_Direct,2015-01-19,30.5172
HDFC_Top100_Direct,2015-01-20,30.8184
HDFC_Top100_Direct,2015-01-21,30.714
HDFC_Top100_Direct,2015-01-22,30.7123
HDFC_Top100_Direct,2015-01-23,30.4927
HDFC_Top100_Direct,2015-01-27,30.5724
HDFC_Top100_Direct,2015-01-28,30.7898
HDFC_Top100_Direct,2015-01-29,30.7497
HDFC_Top100_Direct,2015-01-30,30.5936
HDFC_Top100_Direct,2015-02-02,30.6145
HDFC_Top100_Direct,2015-02-03,30.7745
HDFC_Top100_Direct,2015-02-04,30.6731
HDFC_Top100_Direct,2015-02-05,30.2614
HDFC_Top100_Direct,2015-02-06,29.7377
HDFC_Top100_Direct,2015-02-09,29.397
HDFC_Top100_Direct,2015-02-10,29.5782
HDFC_Top100_Direct,2015-02-11,29.9083
HDFC_Top100_Direct,2015-02-12,30.2611
HDFC_Top100_Direct,2015-02-13,30.2844
HDFC_Top100_Direct,2015-02-16,30.5344
HDFC_Top100_Direct,2015-02-18,30.6868
HDFC_Top100_Direct,2015-02-19,30.6178
HDFC_Top100_Direct,2015-02-20,30.6869
HDFC_Top100_Direct,2015-02-23,30.3222
HDFC_Top100_Direct,2015-02-24,30.2175
HDFC_Top100_Direct,2015-02-25,30.1089
HDFC_Top100_Direct,2015-02-26,29.9507
HDFC_Top100_Direct,2015-02-27,30.2262
HDFC_Top100_Direct,2015-03-02,30.5216
HDFC_Top100_Direct,2015-03-03,30.8045
HDFC_Top100_Direct,2015-03-04,30.6349
HDFC_Top100_Direct,2015-03-05,30.6428
HDFC_Top100_Direct,2015-03-09,30.4317
HDFC_Top100_Direct,2015-03-10,30.3725
HDFC_Top100_Direct,2015-03-11,30.4375
HDFC_Top100_Direct,2015-03-12,30.686
HDFC_Top100_Direct,2015-03-13,30.2599
HDFC_Top100_Direct,2015-03-16,30.179
HDFC_Top100_Direct,2015-03-17,30.0579
HDFC_Top100_Direct,2015-03-18,30.0143
HDFC_Top100_Direct,2015-03-19,29.8192
HDFC_Top100_Direct,2015-03-20,29.392
HDFC_Top100_Direct,2015-03-23,28.911
HDFC_Top100_Direct,2015-03-24,28.8295
HDFC_Top100_Direct,2015-03-25,28.8366
HDFC_Top100_Direct,2015-03-26,28.4267
HDFC_Top100_Direct,2015-03-27,28.5473
HDFC_Top100_Direct,2015-03-30,29.2627
HDFC_Top100_Direct,2015-03-31,29.3347
HDFC_Top100_Direct,2015-04-01,29.7949
HDFC_Top100_Direct,2015-04-06,30.1584
HDFC_Top100_Direct,2015-04-07,30.2953
HDFC_Top100_Direct,2015-04-08,30.8106
HDFC_Top100_Direct,2015-04-09,31.2433
HDFC_Top100_Direct,2015-04-10,31.3292
HDFC_Top100_Direct,2015-04-13,31.7364
HDFC_Top100_Direct,2015-04-15,31.8726
HDFC_Top100_Direct,2015-04-16,31.9168
HDFC_Top100_Direct,2015-04-17,31.798
HDFC_Top100_Direct,2015-04-20,31.0796
HDFC_Top100_Direct,2015-04-21,31.0267
HDFC_Top100_Direct,2015-04-22,31.0468
HDFC_Top100_Direct,2015-04-23,30.9662
HDFC_Top100_Direct,2015-04-24,30.2416
HDFC_Top100_Direct,2015-04-27,29.674
HDFC_Top100_Direct,2015-04-28,29.7529
HDFC_Top100_Direct,2015-04-29,30.1521
HDFC_Top100_Direct,2015-04-30,30.1525
HDFC_Top100_Direct,2015-05-04,30.6068
HDFC_Top100_Direct,2015-05-05,30.6932
HDFC_Top100_Direct,2015-05-06,30.0312
HDFC_Top100_Direct,2015-05-07,29.4468
HDFC_Top100_Direct,2015-05-08,29.884
HDFC_Top100_Direct,2015-05-11,30.6452
HDFC_Top100_Direct,2015-05-12,30.1822
HDFC_Top100_Direct,2015-05-13,30.4511
HDFC_Top100_Direct,2015-05-14,30.5463
HDFC_Top100_Direct,2015-05-15,31.0965
HDFC_Top100_Direct,2015-05-18,31.1586
HDFC_Top100_Direct,2015-05-19,31.0088
HDFC_Top100_Direct,2015-05-20,30.9295
HDFC_Top100_Direct,2015-05-21,30.8716
HDFC_Top100_Direct,2015-05-22,30.8954
HDFC_Top100_Direct,2015-05-25,30.681
HDFC_Top100_Direct,2015-05-26,30.5493
HDFC_Top100_Direct,2015-05-27,30.3406
HDFC_Top100_Direct,2015-05-28,30.3566
HDFC_Top100_Direct,2015-05-29,30.5261
HDFC_Top100_Direct,2015-06-01,30.3029
HDFC_Top100_Direct,2015-06-02,29.8851
HDFC_Top100_Direct,2015-06-03,29.5373
HDFC_Top100_Direct,2015-06-04,29.4409
HDFC_Top100_Direct,2015-06-05,29.7033
HDFC_Top100_Direct,2015-06-08,29.3979
HDFC_Top100_Direct,2015-06-09,29.2003
HDFC_Top100_Direct,2015-06-10,29.6228
HDFC_Top100_Direct,2015-06-11,29.1922
HDFC_Top100_Direct,2015-06-12,29.2746
HDFC_Top100_Direct,2015-06-15,29.5041
HDFC_Top100_Direct,2015-06-16,29.497
HDFC_Top100_Direct,2015-06-17,30.0202
HDFC_Top100_Direct,2015-06-18,30.4689
HDFC_Top100_Direct,2015-06-19,30.5701
HDFC_Top100_Direct,2015-06-22,30.7491
HDFC_Top100_Direct,2015-06-23,30.8937
HDFC_Top100_Direct,2015-06-24,30.9998
HDFC_Top100_Direct,2015-06-25,31.0607
HDFC_Top100_Direct,2015-06-26,31.0294
HDFC_Top100_Direct,2015-06-29,30.6479
HDFC_Top100_Direct,2015-06-30,31.1456
HDFC_Top100_Direct,2015-07-01,31.4503
HDFC_Top100_Direct,2015-07-02,31.5581
HDFC_Top100_Direct,2015-07-03,31.7734
HDFC_Top100_Direct,2015-07-06,32.4565
HDFC_Top100_Direct,2015-07-07,32.8775
HDFC_Top100_Direct,2015-07-08,32.7031
HDFC_Top100_Direct,2015-07-09,32.7345
HDFC_Top100_Direct,2015-07-10,32.8467
HDFC_Top100_Direct,2015-07-13,32.901
HDFC_Top100_Direct,2015-07-14,32.7785
HDFC_Top100_Direct,2015-07-15,33.0081
HDFC_Top100_Direct,2015-07-16,33.357
HDFC_Top100_Direct,2015-07-17,33.3724
HDFC_Top100_Direct,2015-07-20,33.5203
HDFC_Top100_Direct,2015-07-21,33.0264
HDFC_Top100_Direct,2015-07-22,33.1968
HDFC_Top100_Direct,2015-07-23,33.5174
HDFC_Top100_Direct,2015-07-24,33.1976
HDFC_Top100_Direct,2015-07-27,33.1625
HDFC_Top100_Direct,2015-07-28,33.0327
HDFC_Top100_Direct,2015-07-29,33.1365
HDFC_Top100_Direct,2015-07-30,33.2022
HDFC_Top100_Direct,2015-07-31,33.6861
HDFC_Top100_Direct,2015-08-03,33.884
HDFC_Top100_Direct,2015-08-04,34.1317
HDFC_Top100_Direct,2015-08-05,34.118
HDFC_Top100_Direct,2015-08-06,33.7245
HDFC_Top100_Direct,2015-08-07,33.7308
HDFC_Top100_Direct,2015-08-10,33.7575
HDFC_Top100_Direct,2015-08-11,33.3291
HDFC_Top100_Direct,2015-08-12,32.7984
HDFC_Top100_Direct,2015-08-13,32.6931
HDFC_Top100_Direct,2015-08-14,33.1547
HDFC_Top100_Direct,2015-08-17,33.3263
HDFC_Top100_Direct,2015-08-18,33.6383
HDFC_Top100_Direct,2015-08-19,33.8543
HDFC_Top100_Direct,2015-08-20,33.2221
HDFC_Top100_Direct,2015-08-21,33.1377
HDFC_Top100_Direct,2015-08-24,31.2426
HDFC_Top100_Direct,2015-08-25,31.1813
HDFC_Top100_Direct,2015-08-26,31.2456
HDFC_Top100_Direct,2015-08-27,32.1993
HDFC_Top100_Direct,2015-08-28,32.0768
HDFC_Top100_Direct,2015-08-31,31.9757
HDFC_Top100_Direct,2015-09-01,31.4028
HDFC_Top100_Direct,2015-09-02,31.3571
HDFC_Top100_Direct,2015-09-03,31.5572
HDFC_Top100_Direct,2015-09-04,31.2791
HDFC_Top100_Direct,2015-09-07,30.8824
HDFC_Top100_Direct,2015-09-08,30.8088
HDFC_Top100_Direct,2015-09-09,31.1685
HDFC_Top100_Direct,2015-09-10,31.2459
HDFC_Top100_Direct,2015-09-11,31.3747
HDFC_Top100_Direct,2015-09-14,31.638
HDFC_Top100_Direct,2015-09-15,31.5174
HDFC_Top100_Direct,2015-09-16,31.4122
HDFC_Top100_Direct,2015-09-18,31.7435
HDFC_Top100_Direct,2015-09-21,31.8795
HDFC_Top100_Direct,2015-09-22,31.6014
HDFC_Top100_Direct,2015-09-23,31.6956
HDFC_Top100_Direct,2015-09-24,31.6004
HDFC_Top100_Direct,2015-09-28,31.6127
HDFC_Top100_Direct,2015-09-29,31.5525
HDFC_Top100_Direct,2015-09-30,31.9449
HDFC_Top100_Direct,2015-10-01,32.0303
HDFC_Top100_Direct,2015-10-05,32.4891
HDFC_Top100_Direct,2015-10-06,32.4971
HDFC_Top100_Direct,2015-10-07,32.6458
HDFC_Top100_Direct,2015-10-08,32.787
HDFC_Top100_Direct,2015-10-09,32.8509
HDFC_Top100_Direct,2015-10-12,32.7741
HDFC_Top100_Direct,2015-10-13,32.8369
HDFC_Top100_Direct,2015-10-14,32.851
HDFC_Top100_Direct,2015-10-15,33.0744
HDFC_Top100_Direct,2015-10-16,33.1072
HDFC_Top100_Direct,2015-10-19,33.3166
HDFC_Top100_Direct,2015-10-20,33.5605
HDFC_Top100_Direct,2015-10-21,33.6267
HDFC_Top100_Direct,2015-10-23,33.5274
HDFC_Top100_Direct,2015-10-26,33.2641
HDFC_Top100_Direct,2015-10-27,33.4053
HDFC_Top100_Direct,2015-10-28,33.3372
HDFC_Top100_Direct,2015-10-29,33.2373
HDFC_Top100_Direct,2015-10-30,33.1814
HDFC_Top100_Direct,2015-11-02,32.949
HDFC_Top100_Direct,2015-11-03,33.328
HDFC_Top100_Direct,2015-11-04,33.2605
HDFC_Top100_Direct,2015-11-05,32.938
HDFC_Top100_Direct,2015-11-06,32.6837
HDFC_Top100_Direct,2015-11-09,33.0826
HDFC_Top100_Direct,2015-11-10,32.8783
HDFC_Top100_Direct,2015-11-13,32.8994
HDFC_Top100_Direct,2015-11-16,32.8399
HDFC_Top100_Direct,2015-11-17,33.142
HDFC_Top100_Direct,2015-11-18,32.7862
HDFC_Top100_Direct,2015-11-19,33.2648
HDFC_Top100_Direct,2015-11-20,33.4842
HDFC_Top100_Direct,2015-11-23,33.6307
HDFC_Top100_Direct,2015-11-24,33.4978
HDFC_Top100_Direct,2015-11-26,33.4275
HDFC_Top100_Direct,2015-11-27,33.5568
HDFC_Top100_Direct,2015-11-30,33.5197
HDFC_Top100_Direct,2015-12-01,33.5186
HDFC_Top100_Direct,2015-12-02,33.8327
HDFC_Top100_Direct,2015-12-03,33.7975
HDFC_Top100_Direct,2015-12-04,33.694
HDFC_Top100_Direct,2015-12-07,33.6603
HDFC_Top100_Direct,2015-12-08,33.2944
HDFC_Top100_Direct,2015-12-09,32.871
HDFC_Top100_Direct,2015-12-10,33.2474
HDFC_Top100_Direct,2015-12-11,33.0682
HDFC_Top100_Direct,2015-12-14,33.0979
HDFC_Top100_Direct,2015-12-15,33.3962
HDFC_Top100_Direct,2015-12-16,33.3913
HDFC_Top100_Direct,2015-12-17,34.0463
HDFC_Top100_Direct,2015-12-18,33.9321
HDFC_Top100_Direct,2015-12-21,34.167
HDFC_Top100_Direct,2015-12-22,34.2195
HDFC_Top100_Direct,2015-12-23,34.4628
HDFC_Top100_Direct,2015-12-24,34.6924
HDFC_Top100_Direct,2015-12-28,34.9675
HDFC_Top100_Direct,2015-12-29,35.1231
HDFC_Top100_Direct,2015-12-30,35.4189
HDFC_Top100_Direct,2015-12-31,35.7192
HDFC_Top100_Direct,2016-01-01,36.0391
HDFC_Top100_Direct,2016-01-04,35.7424
HDFC_Top100_Direct,2016-01-05,35.9544
HDFC_Top100_Direct,2016-01-06,35.5722
HDFC_Top100_Direct,2016-01-07,34.6033
HDFC_Top100_Direct,2016-01-08,35.1548
HDFC_Top100_Direct,2016-01-11,35.1181
HDFC_Top100_Direct,2016-01-12,34.5143
HDFC_Top100_Direct,2016-01-13,33.9198
HDFC_Top100_Direct,2016-01-14,33.6342
HDFC_Top100_Direct,2016-01-15,32.8379
HDFC_Top100_Direct,2016-01-18,31.6702
HDFC_Top100_Direct,2016-01-19,31.9417
HDFC_Top100_Direct,2016-01-20,31.3699
HDFC_Top100_Direct,2016-01-21,31.4128
HDFC_Top100_Direct,2016-01-22,32.1795
HDFC_Top100_Direct,2016-01-25,32.3429
HDFC_Top100_Direct,2016-01-27,32.3767
HDFC_Top100_Direct,2016-01-28,32.3849
HDFC_Top100_Direct,2016-01-29,32.5066
HDFC_Top100_Direct,2016-02-01,32.6827
HDFC_Top100_Direct,2016-02-02,32.579
HDFC_Top100_Direct,2016-02-03,32.1505
HDFC_Top100_Direct,2016-02-04,32.0113
HDFC_Top100_Direct,2016-02-05,32.187
HDFC_Top100_Direct,2016-02-08,32.1441
HDFC_Top100_Direct,2016-02-09,32.0579
HDFC_Top100_Direct,2016-02-10,31.6489
HDFC_Top100_Direct,2016-02-11,30.4832
HDFC_Top100_Direct,2016-02-12,30.1716
HDFC_Top100_Direct,2016-02-15,31.0517
HDFC_Top100_Direct,2016-02-16,30.4216
HDFC_Top100_Direct,2016-02-17,30.7027
HDFC_Top100_Direct,2016-02-18,31.0755
HDFC_Top100_Direct,2016-02-19,31.1002
HDFC_Top100_Direct,2016-02-22,31.016
HDFC_Top100_Direct,2016-02-23,30.6836
HDFC_Top100_Direct,2016-02-24,30.265
HDFC_Top100_Direct,2016-02-25,30.24
HDFC_Top100_Direct,2016-02-26,29.9406
HDFC_Top100_Direct,2016-02-29,29.7635
HDFC_Top100_Direct,2016-03-01,30.5287
HDFC_Top100_Direct,2016-03-02,30.9607
HDFC_Top100_Direct,2016-03-03,31.1097
HDFC_Top100_Direct,2016-03-04,31.114
HDFC_Top100_Direct,2016-03-08,31.0575
HDFC_Top100_Direct,2016-03-09,31.0997
HDFC_Top100_Direct,2016-03-10,31.0779
HDFC_Top100_Direct,2016-03-11,31.0885
HDFC_Top100_Direct,2016-03-14,31.3364
HDFC_Top100_Direct,2016-03-15,31.1758
HDFC_Top100_Direct,2016-03-16,31.2445
HDFC_Top100_Direct,2016-03-17,31.3309
HDFC_Top100_Direct,2016-03-18,31.5504
HDFC_Top100_Direct,2016-03-21,31.9899
HDFC_Top100_Direct,2016-03-22,31.8682
HDFC_Top100_Direct,2016-03-23,32.2192
HDFC_Top100_Direct,2016-03-28,31.8759
HDFC_Top100_Direct,2016-03-29,31.9445
HDFC_Top100_Direct,2016-03-30,32.3132
HDFC_Top100_Direct,2016-03-31,32.3614
HDFC_Top100_Direct,2016-04-01,32.6099
HDFC_Top100_Direct,2016-04-04,33.112
HDFC_Top100_Direct,2016-04-05,32.9295
HDFC_Top100_Direct,2016-04-06,33.2317
HDFC_Top100_Direct,2016-04-07,33.0194
HDFC_Top100_Direct,2016-04-08,33.065
HDFC_Top100_Direct,2016-04-11,33.3875
HDFC_Top100_Direct,2016-04-12,33.512
HDFC_Top100_Direct,2016-04-13,33.7693
HDFC_Top100_Direct,2016-04-18,34.1922
HDFC_Top100_Direct,2016-04-20,34.2725
HDFC_Top100_Direct,2016-04-21,34.1677
HDFC_Top100_Direct,2016-04-22,34.001
HDFC_Top100_Direct,2016-04-25,33.9629
HDFC_Top100_Direct,2016-04-26,34.1453
HDFC_Top100_Direct,2016-04-27,34.3437
HDFC_Top100_Direct,2016-04-28,34.1016
HDFC_Top100_Direct,2016-04-29,34.1348
HDFC_Top100_Direct,2016-05-02,34.0495
HDFC_Top100_Direct,2016-05-03,34.0306
HDFC_Top100_Direct,2016-05-04,33.7226
HDFC_Top100_Direct,2016-05-05,33.9939
HDFC_Top100_Direct,2016-05-06,33.8769
HDFC_Top100_Direct,2016-05-09,34.0572
HDFC_Top100_Direct,2016-05-10,33.8602
HDFC_Top100_Direct,2016-05-11,33.9502
HDFC_Top100_Direct,2016-05-12,34.334
HDFC_Top100_Direct,2016-05-13,34.2819
HDFC_Top100_Direct,2016-05-16,34.214
HDFC_Top100_Direct,2016-05-17,34.2682
HDFC_Top100_Direct,2016-05-18,34.3194
HDFC_Top100_Direct,2016-05-19,33.8355
HDFC_Top100_Direct,2016-05-20,33.6161
HDFC_Top100_Direct,2016-05-23,33.6583
HDFC_Top100_Direct,2016-05-24,33.416
HDFC_Top100_Direct,2016-05-25,33.6057
HDFC_Top100_Direct,2016-05-26,33.5544
HDFC_Top100_Direct,2016-05-27,33.7237
HDFC_Top100_Direct,2016-05-30,33.8423
HDFC_Top100_Direct,2016-05-31,33.7683
HDFC_Top100_Direct,2016-06-01,33.793
HDFC_Top100_Direct,2016-06-02,33.9535
HDFC_Top100_Direct,2016-06-03,33.8652
HDFC_Top100_Direct,2016-06-06,34.0559
HDFC_Top100_Direct,2016-06-07,34.4547
HDFC_Top100_Direct,2016-06-08,34.5334
HDFC_Top100_Direct,2016-06-09,34.2408
HDFC_Top100_Direct,2016-06-10,34.345
HDFC_Top100_Direct,2016-06-13,34.1257
HDFC_Top100_Direct,2016-06-14,34.0845
HDFC_Top100_Direct,2016-06-15,34.3849
HDFC_Top100_Direct,2016-06-16,34.26
HDFC_Top100_Direct,2016-06-17,34.405
HDFC_Top100_Direct,2016-06-20,34.2823
HDFC_Top100_Direct,2016-06-21,34.2368
HDFC_Top100_Direct,2016-06-22,34.2584
HDFC_Top100_Direct,2016-06-23,34.2001
HDFC_Top100_Direct,2016-06-24,33.9007
HDFC_Top100_Direct,2016-06-27,34.2331
HDFC_Top100_Direct,2016-06-28,34.5703
HDFC_Top100_Direct,2016-06-29,35.1004
HDFC_Top100_Direct,2016-06-30,35.2551
HDFC_Top100_Direct,2016-07-01,35.3909
HDFC_Top100_Direct,2016-07-04,35.5248
HDFC_Top100_Direct,2016-07-05,35.5532
HDFC_Top100_Direct,2016-07-07,35.6973
HDFC_Top100_Direct,2016-07-08,35.747
HDFC_Top100_Direct,2016-07-11,35.8859
HDFC_Top100_Direct,2016-07-12,35.7695
HDFC_Top100_Direct,2016-07-13,35.8112
HDFC_Top100_Direct,2016-07-14,36.3687
HDFC_Top100_Direct,2016-07-15,36.3821
HDFC_Top100_Direct,2016-07-18,36.3078
HDFC_Top100_Direct,2016-07-19,36.1272
HDFC_Top100_Direct,2016-07-20,36.5005
HDFC_Top100_Direct,2016-07-21,36.5193
HDFC_Top100_Direct,2016-07-22,36.6433
HDFC_Top100_Direct,2016-07-25,36.9769
HDFC_Top100_Direct,2016-07-26,36.7347
HDFC_Top100_Direct,2016-07-27,36.4712
HDFC_Top100_Direct,2016-07-28,36.7219
HDFC_Top100_Direct,2016-07-29,36.8836
HDFC_Top100_Direct,2016-08-01,36.5024
HDFC_Top100_Direct,2016-08-02,36.3876
HDFC_Top100_Direct,2016-08-03,35.9656
HDFC_Top100_Direct,2016-08-04,36.1689
HDFC_Top100_Direct,2016-08-05,36.4669
HDFC_Top100_Direct,2016-08-08,36.5398
HDFC_Top100_Direct,2016-08-09,36.3094
HDFC_Top100_Direct,2016-08-10,35.939
HDFC_Top100_Direct,2016-08-11,35.9288
HDFC_Top100_Direct,2016-08-12,36.0147
HDFC_Top100_Direct,2016-08-16,35.9908
HDFC_Top100_Direct,2016-08-17,36.3047
HDFC_Top100_Direct,2016-08-18,36.6979
HDFC_Top100_Direct,2016-08-19,36.761
HDFC_Top100_Direct,2016-08-22,36.7581
HDFC_Top100_Direct,2016-08-23,36.8134
HDFC_Top100_Direct,2016-08-24,37.0685
HDFC_Top100_Direct,2016-08-25,37.1465
HDFC_Top100_Direct,2016-08-26,37.145
HDFC_Top100_Direct,2016-08-29,37.3338
HDFC_Top100_Direct,2016-08-30,37.8232
HDFC_Top100_Direct,2016-08-31,37.9673
HDFC_Top100_Direct,2016-09-01,37.547
HDFC_Top100_Direct,2016-09-02,37.7261
HDFC_Top100_Direct,2016-09-06,37.9713
HDFC_Top100_Direct,2016-09-07,37.7765
HDFC_Top100_Direct,2016-09-08,38.0072
HDFC_Top100_Direct,2016-09-09,37.8889
HDFC_Top100_Direct,2016-09-12,37.1323
HDFC_Top100_Direct,2016-09-14,37.4695
HDFC_Top100_Direct,2016-09-15,37.5655
HDFC_Top100_Direct,2016-09-16,37.5474
HDFC_Top100_Direct,2016-09-19,37.7317
HDFC_Top100_Direct,2016-09-20,37.8995
HDFC_Top100_Direct,2016-09-21,37.8895
HDFC_Top100_Direct,2016-09-22,38.4994
HDFC_Top100_Direct,2016-09-23,38.6335
HDFC_Top100_Direct,2016-09-26,38.5512
HDFC_Top100_Direct,2016-09-27,38.6536
HDFC_Top100_Direct,2016-09-28,38.8645
HDFC_Top100_Direct,2016-09-29,37.6457
HDFC_Top100_Direct,2016-09-30,38.6634
HDFC_Top100_Direct,2016-10-03,39.4262
HDFC_Top100_Direct,2016-10-04,39.6324
HDFC_Top100_Direct,2016-10-05,39.9987
HDFC_Top100_Direct,2016-10-06,39.8451
HDFC_Top100_Direct,2016-10-07,40.2223
HDFC_Top100_Direct,2016-10-10,40.4711
HDFC_Top100_Direct,2016-10-13,39.7037
HDFC_Top100_Direct,2016-10-14,39.9726
HDFC_Top100_Direct,2016-10-17,39.6723
HDFC_Top100_Direct,2016-10-18,40.0062
HDFC_Top100_Direct,2016-10-19,40.2299
HDFC_Top100_Direct,2016-10-20,40.2785
HDFC_Top100_Direct,2016-10-21,40.0949
HDFC_Top100_Direct,2016-10-24,40.4993
HDFC_Top100_Direct,2016-10-25,40.6786
HDFC_Top100_Direct,2016-10-26,40.5044
HDFC_Top100_Direct,2016-10-27,40.588
HDFC_Top100_Direct,2016-10-28,41.0564
HDFC_Top100_Direct,2016-11-01,41.6575
HDFC_Top100_Direct,2016-11-02,41.034
HDFC_Top100_Direct,2016-11-03,40.5851
HDFC_Top100_Direct,2016-11-04,39.8044
HDFC_Top100_Direct,2016-11-07,40.3143
HDFC_Top100_Direct,2016-11-08,40.2973
HDFC_Top100_Direct,2016-11-09,39.7184
HDFC_Top100_Direct,2016-11-10,40.372
HDFC_Top100_Direct,2016-11-11,39.2286
HDFC_Top100_Direct,2016-11-15,37.2816
HDFC_Top100_Direct,2016-11-16,37.2673
HDFC_Top100_Direct,2016-11-17,37.079
HDFC_Top100_Direct,2016-11-18,37.4444
HDFC_Top100_Direct,2016-11-21,36.0161
HDFC_Top100_Direct,2016-11-22,36.3454
HDFC_Top100_Direct,2016-11-23,36.6964
HDFC_Top100_Direct,2016-11-24,36.8274
HDFC_Top100_Direct,2016-11-25,37.3075
HDFC_Top100_Direct,2016-11-28,37.784
HDFC_Top100_Direct,2016-11-29,37.9466
HDFC_Top100_Direct,2016-11-30,38.2132
HDFC_Top100_Direct,2016-12-01,38.1715
HDFC_Top100_Direct,2016-12-02,37.6241
HDFC_Top100_Direct,2016-12-05,37.5993
HDFC_Top100_Direct,2016-12-06,37.4778
HDFC_Top100_Direct,2016-12-07,37.3837
HDFC_Top100_Direct,2016-12-08,37.6893
HDFC_Top100_Direct,2016-12-09,37.7144
HDFC_Top100_Direct,2016-12-12,37.4765
HDFC_Top100_Direct,2016-12-13,37.6478
HDFC_Top100_Direct,2016-12-14,37.2921
HDFC_Top100_Direct,2016-12-15,37.1506
HDFC_Top100_Direct,2016-12-16,37.1271
HDFC_Top100_Direct,2016-12-19,36.945
HDFC_Top100_Direct,2016-12-20,36.545
HDFC_Top100_Direct,2016-12-21,36.5384
HDFC_Top100_Direct,2016-12-22,36.1526
HDFC_Top100_Direct,2016-12-23,36.2255
HDFC_Top100_Direct,2016-12-26,35.6034
HDFC_Top100_Direct,2016-12-27,35.8987
HDFC_Top100_Direct,2016-12-28,36.0955
HDFC_Top100_Direct,2016-12-29,36.3282
HDFC_Top100_Direct,2016-12-30,36.6631
HDFC_Top100_Direct,2017-01-02,36.945
HDFC_Top100_Direct,2017-01-03,37.2804
HDFC_Top100_Direct,2017-01-04,37.3559
HDFC_Top100_Direct,2017-01-05,37.6091
HDFC_Top100_Direct,2017-01-06,37.6588
HDFC_Top100_Direct,2017-01-09,37.8471
HDFC_Top100_Direct,2017-01-10,38.0179
HDFC_Top100_Direct,2017-01-11,38.2558
HDFC_Top100_Direct,2017-01-12,38.1337
HDFC_Top100_Direct,2017-01-13,38.1845
HDFC_Top100_Direct,2017-01-16,38.3745
HDFC_Top100_Direct,2017-01-17,38.5511
HDFC_Top100_Direct,2017-01-18,38.8508
HDFC_Top100_Direct,2017-01-19,38.9791
HDFC_Top100_Direct,2017-01-20,38.6106
HDFC_Top100_Direct,2017-01-23,38.7686
HDFC_Top100_Direct,2017-01-24,39.1981
HDFC_Top100_Direct,2017-01-25,39.3139
HDFC_Top100_Direct,2017-01-27,39.5765
HDFC_Top100_Direct,2017-01-30,39.3144
HDFC_Top100_Direct,2017-01-31,39.1862
HDFC_Top100_Direct,2017-02-01,39.5325
HDFC_Top100_Direct,2017-02-02,39.6138
HDFC_Top100_Direct,2017-02-03,40.3205
HDFC_Top100_Direct,2017-02-06,40.7207
HDFC_Top100_Direct,2017-02-07,40.9243
HDFC_Top100_Direct,2017-02-08,40.9586
HDFC_Top100_Direct,2017-02-09,40.9909
HDFC_Top100_Direct,2017-02-10,41.2994
HDFC_Top100_Direct,2017-02-13,41.2657
HDFC_Top100_Direct,2017-02-14,41.0917
HDFC_Top100_Direct,2017-02-15,40.3628
HDFC_Top100_Direct,2017-02-16,40.8238
HDFC_Top100_Direct,2017-02-17,40.8373
HDFC_Top100_Direct,2017-02-20,41.1251
HDFC_Top100_Direct,2017-02-21,41.2254
HDFC_Top100_Direct,2017-02-22,40.9946
HDFC_Top100_Direct,2017-02-23,41.03
HDFC_Top100_Direct,2017-02-27,40.7685
HDFC_Top100_Direct,2017-02-28,40.9008
HDFC_Top100_Direct,2017-03-01,41.2422
HDFC_Top100_Direct,2017-03-02,40.7713
HDFC_Top100_Direct,2017-03-03,40.9417
HDFC_Top100_Direct,2017-03-06,40.9656
HDFC_Top100_Direct,2017-03-07,41.0703
HDFC_Top100_Direct,2017-03-08,41.0006
HDFC_Top100_Direct,2017-03-09,41.0732
HDFC_Top100_Direct,2017-03-10,40.9816
HDFC_Top100_Direct,2017-03-14,41.304
HDFC_Top100_Direct,2017-03-15,41.3027
HDFC_Top100_Direct,2017-03-16,41.8189
HDFC_Top100_Direct,2017-03-17,41.9777
HDFC_Top100_Direct,2017-03-20,42.24
HDFC_Top100_Direct,2017-03-21,42.1456
HDFC_Top100_Direct,2017-03-22,42.0026
HDFC_Top100_Direct,2017-03-23,42.1719
HDFC_Top100_Direct,2017-03-24,42.2284
HDFC_Top100_Direct,2017-03-27,42.2659
HDFC_Top100_Direct,2017-03-28,42.3497
HDFC_Top100_Direct,2017-03-29,42.3573
HDFC_Top100_Direct,2017-03-30,42.691
HDFC_Top100_Direct,2017-03-31,42.7884
HDFC_Top100_Direct,2017-04-03,43.2863
HDFC_Top100_Direct,2017-04-05,44.5942
HDFC_Top100_Direct,2017-04-06,44.6978
HDFC_Top100_Direct,2017-04-07,44.3425
HDFC_Top100_Direct,2017-04-10,44.7075
HDFC_Top100_Direct,2017-04-11,45.0113
HDFC_Top100_Direct,2017-04-12,44.8462
HDFC_Top100_Direct,2017-04-13,44.78
HDFC_Top100_Direct,2017-04-17,44.9619
HDFC_Top100_Direct,2017-04-18,44.5612
HDFC_Top100_Direct,2017-04-19,44.6032
HDFC_Top100_Direct,2017-04-20,45.0012
HDFC_Top100_Direct,2017-04-21,44.9958
HDFC_Top100_Direct,2017-04-24,45.2712
HDFC_Top100_Direct,2017-04-25,45.2974
HDFC_Top100_Direct,2017-04-26,44.6934
HDFC_Top100_Direct,2017-04-27,44.964
HDFC_Top100_Direct,2017-04-28,44.9968
HDFC_Top100_Direct,2017-05-02,44.8776
HDFC_Top100_Direct,2017-05-03,44.8741
HDFC_Top100_Direct,2017-05-04,45.0697
HDFC_Top100_Direct,2017-05-05,44.9503
HDFC_Top100_Direct,2017-05-08,45.2513
HDFC_Top100_Direct,2017-05-09,45.4696
HDFC_Top100_Direct,2017-05-10,45.8331
HDFC_Top100_Direct,2017-05-11,45.5728
HDFC_Top100_Direct,2017-05-12,45.1186
HDFC_Top100_Direct,2017-05-15,45.6024
HDFC_Top100_Direct,2017-05-16,45.686
HDFC_Top100_Direct,2017-05-17,45.8048
HDFC_Top100_Direct,2017-05-18,45.5892
HDFC_Top100_Direct,2017-05-19,45.2431
HDFC_Top100_Direct,2017-05-22,44.866
HDFC_Top100_Direct,2017-05-23,44.0249
HDFC_Top100_Direct,2017-05-24,43.3484
HDFC_Top100_Direct,2017-05-25,44.2257
HDFC_Top100_Direct,2017-05-26,44.8599
HDFC_Top100_Direct,2017-05-29,44.4295
HDFC_Top100_Direct,2017-05-30,44.2141
HDFC_Top100_Direct,2017-05-31,44.5677
HDFC_Top100_Direct,2017-06-01,44.592
HDFC_Top100_Direct,2017-06-02,44.8693
HDFC_Top100_Direct,2017-06-05,45.12
HDFC_Top100_Direct,2017-06-06,44.8932
HDFC_Top100_Direct,2017-06-07,45.2229
HDFC_Top100_Direct,2017-06-08,45.3666
HDFC_Top100_Direct,2017-06-09,45.3998
HDFC_Top100_Direct,2017-06-12,45.6426
HDFC_Top100_Direct,2017-06-13,45.76
HDFC_Top100_Direct,2017-06-14,45.7899
HDFC_Top100_Direct,2017-06-15,46.1215
HDFC_Top100_Direct,2017-06-16,46.2799
HDFC_Top100_Direct,2017-06-19,46.4924
HDFC_Top100_Direct,2017-06-20,46.6247
HDFC_Top100_Direct,2017-06-21,46.8016
HDFC_Top100_Direct,2017-06-22,46.9542
HDFC_Top100_Direct,2017-06-23,46.4126
HDFC_Top100_Direct,2017-06-27,46.0949
HDFC_Top100_Direct,2017-06-28,45.7199
HDFC_Top100_Direct,2017-06-29,46.1769
HDFC_Top100_Direct,2017-06-30,46.3484
HDFC_Top100_Direct,2017-07-03,47.0864
HDFC_Top100_Direct,2017-07-04,47.3041
HDFC_Top100_Direct,2017-07-05,47.6057
HDFC_Top100_Direct,2017-07-06,47.6048
HDFC_Top100_Direct,2017-07-07,47.6689
HDFC_Top100_Direct,2017-07-10,47.7571
HDFC_Top100_Direct,2017-07-11,47.8999
HDFC_Top100_Direct,2017-07-12,47.981
HDFC_Top100_Direct,2017-07-13,48.2403
HDFC_Top100_Direct,2017-07-14,47.7904
HDFC_Top100_Direct,2017-07-17,47.97
HDFC_Top100_Direct,2017-07-18,47.9429
HDFC_Top100_Direct,2017-07-19,48.2322
HDFC_Top100_Direct,2017-07-20,48.4308
HDFC_Top100_Direct,2017-07-21,48.2629
HDFC_Top100_Direct,2017-07-24,48.2489
HDFC_Top100_Direct,2017-07-25,48.2663
HDFC_Top100_Direct,2017-07-26,48.4663
HDFC_Top100_Direct,2017-07-27,48.1589
HDFC_Top100_Direct,2017-07-28,48.5811
HDFC_Top100_Direct,2017-07-31,48.6537
HDFC_Top100_Direct,2017-08-01,48.8185
HDFC_Top100_Direct,2017-08-02,48.434
HDFC_Top100_Direct,2017-08-03,48.0355
HDFC_Top100_Direct,2017-08-04,48.1507
HDFC_Top100_Direct,2017-08-07,48.5716
HDFC_Top100_Direct,2017-08-08,48.14
HDFC_Top100_Direct,2017-08-09,47.6533
HDFC_Top100_Direct,2017-08-10,46.6004
HDFC_Top100_Direct,2017-08-11,46.9331
HDFC_Top100_Direct,2017-08-14,47.737
HDFC_Top100_Direct,2017-08-16,48.3225
HDFC_Top100_Direct,2017-08-17,48.7034
HDFC_Top100_Direct,2017-08-18,48.3833
HDFC_Top100_Direct,2017-08-21,47.7179
HDFC_Top100_Direct,2017-08-22,47.9154
HDFC_Top100_Direct,2017-08-23,48.1917
HDFC_Top100_Direct,2017-08-24,48.248
HDFC_Top100_Direct,2017-08-28,48.5392
HDFC_Top100_Direct,2017-08-29,48.1384
HDFC_Top100_Direct,2017-08-30,48.4861
HDFC_Top100_Direct,2017-08-31,49.1482
HDFC_Top100_Direct,2017-09-01,49.6448
HDFC_Top100_Direct,2017-09-04,49.5888
HDFC_Top100_Direct,2017-09-05,50.0883
HDFC_Top100_Direct,2017-09-06,50.2949
HDFC_Top100_Direct,2017-09-07,50.479
HDFC_Top100_Direct,2017-09-08,50.5481
HDFC_Top100_Direct,2017-09-11,50.7696
HDFC_Top100_Direct,2017-09-12,51.0852
HDFC_Top100_Direct,2017-09-13,50.6965
HDFC_Top100_Direct,2017-09-14,51.3182
HDFC_Top100_Direct,2017-09-15,51.7518
HDFC_Top100_Direct,2017-09-18,52.3804
HDFC_Top100_Direct,2017-09-19,52.9686
HDFC_Top100_Direct,2017-09-20,53.3602
HDFC_Top100_Direct,2017-09-21,53.3041
HDFC_Top100_Direct,2017-09-22,51.5995
HDFC_Top100_Direct,2017-09-25,51.0501
HDFC_Top100_Direct,2017-09-26,51.6784
HDFC_Top100_Direct,2017-09-27,50.832
HDFC_Top100_Direct,2017-09-28,51.2362
HDFC_Top100_Direct,2017-09-29,51.961
HDFC_Top100_Direct,2017-10-03,52.3213
HDFC_Top100_Direct,2017-10-04,53.2395
HDFC_Top100_Direct,2017-10-05,53.4476
HDFC_Top100_Direct,2017-10-06,53.8125
HDFC_Top100_Direct,2017-10-09,53.9716
HDFC_Top100_Direct,2017-10-10,54.358
HDFC_Top100_Direct,2017-10-11,53.678
HDFC_Top100_Direct,2017-10-12,53.9971
HDFC_Top100_Direct,2017-10-13,54.1717
HDFC_Top100_Direct,2017-10-16,54.2114
HDFC_Top100_Direct,2017-10-17,54.5388
HDFC_Top100_Direct,2017-10-18,54.4244
HDFC_Top100_Direct,2017-10-23,54.3424
HDFC_Top100_Direct,2017-10-24,54.5146
HDFC_Top100_Direct,2017-10-25,53.9848
HDFC_Top100_Direct,2017-10-26,54.1288
HDFC_Top100_Direct,2017-10-27,54.5232
HDFC_Top100_Direct,2017-10-30,55.0944
HDFC_Top100_Direct,2017-10-31,55.4171
HDFC_Top100_Direct,2017-11-01,55.8753
HDFC_Top100_Direct,2017-11-02,56.6875
HDFC_Top100_Direct,2017-11-03,57.5792
HDFC_Top100_Direct,2017-11-06,57.8698
HDFC_Top100_Direct,2017-11-07,57.5758
HDFC_Top100_Direct,2017-11-08,57.2373
HDFC_Top100_Direct,2017-11-09,58.0804
HDFC_Top100_Direct,2017-11-10,57.7898
HDFC_Top100_Direct,2017-11-13,57.8186
HDFC_Top100_Direct,2017-11-14,57.9063
HDFC_Top100_Direct,2017-11-15,57.2689
HDFC_Top100_Direct,2017-11-16,58.0829
HDFC_Top100_Direct,2017-11-17,58.6486
HDFC_Top100_Direct,2017-11-20,59.2067
HDFC_Top100_Direct,2017-11-21,59.6667
HDFC_Top100_Direct,2017-11-22,60.0691
HDFC_Top100_Direct,2017-11-23,60.5408
HDFC_Top100_Direct,2017-11-24,61.0875
HDFC_Top100_Direct,2017-11-27,61.2762
HDFC_Top100_Direct,2017-11-28,61.8321
HDFC_Top100_Direct,2017-11-29,61.933
HDFC_Top100_Direct,2017-11-30,61.9529
HDFC_Top100_Direct,2017-12-01,61.4989
HDFC_Top100_Direct,2017-12-04,61.3177
HDFC_Top100_Direct,2017-12-05,61.5105
HDFC_Top100_Direct,2017-12-06,61.4633
HDFC_Top100_Direct,2017-12-07,61.9916
HDFC_Top100_Direct,2017-12-08,62.8436
HDFC_Top100_Direct,2017-12-11,63.6318
HDFC_Top100_Direct,2017-12-12,63.3879
HDFC_Top100_Direct,2017-12-13,62.8065
HDFC_Top100_Direct,2017-12-14,62.7841
HDFC_Top100_Direct,2017-12-15,63.3238
HDFC_Top100_Direct,2017-12-18,63.8694
HDFC_Top100_Direct,2017-12-19,65.2296
HDFC_Top100_Direct,2017-12-20,65.8782
HDFC_Top100_Direct,2017-12-21,66.4699
HDFC_Top100_Direct,2017-12-22,66.208
HDFC_Top100_Direct,2017-12-26,66.0961
HDFC_Top100_Direct,2017-12-27,66.0456
HDFC_Top100_Direct,2017-12-28,66.3183
HDFC_Top100_Direct,2017-12-29,66.1565
HDFC_Top100_Direct,2018-01-01,66.1953
HDFC_Top100_Direct,2018-01-02,65.5915
HDFC_Top100_Direct,2018-01-03,67.0627
HDFC_Top100_Direct,2018-01-04,67.8023
HDFC_Top100_Direct,2018-01-05,68.8684
HDFC_Top100_Direct,2018-01-08,69.0661
HDFC_Top100_Direct,2018-01-09,68.6975
HDFC_Top100_Direct,2018-01-10,68.6873
HDFC_Top100_Direct,2018-01-11,68.7927
HDFC_Top100_Direct,2018-01-12,68.8466
HDFC_Top100_Direct,2018-01-15,69.0392
HDFC_Top100_Direct,2018-01-16,67.6438
HDFC_Top100_Direct,2018-01-17,67.8071
HDFC_Top100_Direct,2018-01-18,66.4689
HDFC_Top100_Direct,2018-01-19,67.0254
HDFC_Top100_Direct,2018-01-22,67.6775
HDFC_Top100_Direct,2018-01-23,67.2381
HDFC_Top100_Direct,2018-01-24,66.4519
HDFC_Top100_Direct,2018-01-25,65.9743
HDFC_Top100_Direct,2018-01-29,65.4636
HDFC_Top100_Direct,2018-01-30,65.2116
HDFC_Top100_Direct,2018-01-31,64.872
HDFC_Top100_Direct,2018-02-01,64.6604
HDFC_Top100_Direct,2018-02-02,62.5129
HDFC_Top100_Direct,2018-02-05,62.5391
HDFC_Top100_Direct,2018-02-06,61.0687
HDFC_Top100_Direct,2018-02-07,62.36
HDFC_Top100_Direct,2018-02-08,63.7076
HDFC_Top100_Direct,2018-02-09,63.9351
HDFC_Top100_Direct,2018-02-12,64.4738
HDFC_Top100_Direct,2018-02-14,64.5707
HDFC_Top100_Direct,2018-02-15,63.6826
HDFC_Top100_Direct,2018-02-16,62.6723
HDFC_Top100_Direct,2018-02-19,61.7037
HDFC_Top100_Direct,2018-02-20,61.855
HDFC_Top100_Direct,2018-02-21,61.8416
HDFC_Top100_Direct,2018-02-22,61.7289
HDFC_Top100_Direct,2018-02-23,62.211
HDFC_Top100_Direct,2018-02-26,62.7988
HDFC_Top100_Direct,2018-02-27,62.4806
HDFC_Top100_Direct,2018-02-28,62.2774
HDFC_Top100_Direct,2018-03-01,62.2116
HDFC_Top100_Direct,2018-03-05,61.4179
HDFC_Top100_Direct,2018-03-06,60.7648
HDFC_Top100_Direct,2018-03-07,59.7924
HDFC_Top100_Direct,2018-03-08,59.6107
HDFC_Top100_Direct,2018-03-09,59.6427
HDFC_Top100_Direct,2018-03-12,59.9923
HDFC_Top100_Direct,2018-03-13,60.5853
HDFC_Top100_Direct,2018-03-14,60.3817
HDFC_Top100_Direct,2018-03-15,60.6964
HDFC_Top100_Direct,2018-03-16,60.1759
HDFC_Top100_Direct,2018-03-19,59.1931
HDFC_Top100_Direct,2018-03-20,59.0942
HDFC_Top100_Direct,2018-03-21,59.2581
HDFC_Top100_Direct,2018-03-22,58.3845
HDFC_Top100_Direct,2018-03-23,57.8792
HDFC_Top100_Direct,2018-03-26,58.3483
HDFC_Top100_Direct,2018-03-27,58.7848
HDFC_Top100_Direct,2018-03-28,58.0969
HDFC_Top100_Direct,2018-04-02,59.6897
HDFC_Top100_Direct,2018-04-03,60.3663
HDFC_Top100_Direct,2018-04-04,59.8079
HDFC_Top100_Direct,2018-04-05,60.5934
HDFC_Top100_Direct,2018-04-06,61.0985
HDFC_Top100_Direct,2018-04-09,61.559
HDFC_Top100_Direct,2018-04-10,61.7781
HDFC_Top100_Direct,2018-04-11,61.6102
HDFC_Top100_Direct,2018-04-12,61.7648
HDFC_Top100_Direct,2018-04-13,61.5831
HDFC_Top100_Direct,2018-04-16,61.9447
HDFC_Top100_Direct,2018-04-17,61.8273
HDFC_Top100_Direct,2018-04-18,61.6812
HDFC_Top100_Direct,2018-04-19,62.0316
HDFC_Top100_Direct,2018-04-20,62.0067
HDFC_Top100_Direct,2018-04-23,62.337
HDFC_Top100_Direct,2018-04-24,62.5241
HDFC_Top100_Direct,2018-04-25,62.5142
HDFC_Top100_Direct,2018-04-26,63.2641
HDFC_Top100_Direct,2018-04-27,63.0954
HDFC_Top100_Direct,2018-04-30,62.9323
HDFC_Top100_Direct,2018-05-02,62.4199
HDFC_Top100_Direct,2018-05-03,61.9566
HDFC_Top100_Direct,2018-05-04,61.5548
HDFC_Top100_Direct,2018-05-07,62.362
HDFC_Top100_Direct,2018-05-08,62.3405
HDFC_Top100_Direct,2018-05-09,62.7255
HDFC_Top100_Direct,2018-05-10,62.18
HDFC_Top100_Direct,2018-05-11,62.0221
HDFC_Top100_Direct,2018-05-14,61.1396
HDFC_Top100_Direct,2018-05-15,61.1301
HDFC_Top100_Direct,2018-05-16,60.6782
HDFC_Top100_Direct,2018-05-17,61.0749
HDFC_Top100_Direct,2018-05-18,60.8312
HDFC_Top100_Direct,2018-05-21,59.7326
HDFC_Top100_Direct,2018-05-22,59.7925
HDFC_Top100_Direct,2018-05-23,59.3398
HDFC_Top100_Direct,2018-05-24,59.2931
HDFC_Top100_Direct,2018-05-25,59.255
HDFC_Top100_Direct,2018-05-28,59.7938
HDFC_Top100_Direct,2018-05-29,59.4956
HDFC_Top100_Direct,2018-05-30,59.6359
HDFC_Top100_Direct,2018-05-31,58.995
HDFC_Top100_Direct,2018-06-01,57.8765
HDFC_Top100_Direct,2018-06-04,56.5065
HDFC_Top100_Direct,2018-06-05,55.1442
HDFC_Top100_Direct,2018-06-06,55.91
HDFC_Top100_Direct,2018-06-07,57.0031
HDFC_Top100_Direct,2018-06-08,57.0448
HDFC_Top100_Direct,2018-06-11,57.3946
HDFC_Top100_Direct,2018-06-12,57.4404
HDFC_Top100_Direct,2018-06-13,57.2522
HDFC_Top100_Direct,2018-06-14,57.4387
HDFC_Top100_Direct,2018-06-15,57.0672
HDFC_Top100_Direct,2018-06-18,56.868
HDFC_Top100_Direct,2018-06-19,56.0586
HDFC_Top100_Direct,2018-06-20,55.9644
HDFC_Top100_Direct,2018-06-21,55.5814
HDFC_Top100_Direct,2018-06-22,55.5548
HDFC_Top100_Direct,2018-06-25,55.0055
HDFC_Top100_Direct,2018-06-26,54.6316
HDFC_Top100_Direct,2018-06-27,53.7015
HDFC_Top100_Direct,2018-06-28,53.2372
HDFC_Top100_Direct,2018-06-29,54.0638
HDFC_Top100_Direct,2018-07-02,53.9029
HDFC_Top100_Direct,2018-07-03,53.973
HDFC_Top100_Direct,2018-07-04,54.162
HDFC_Top100_Direct,2018-07-05,53.9747
HDFC_Top100_Direct,2018-07-06,54.1996
HDFC_Top100_Direct,2018-07-09,54.8668
HDFC_Top100_Direct,2018-07-10,54.9768
HDFC_Top100_Direct,2018-07-11,55.0134
HDFC_Top100_Direct,2018-07-12,54.9257
HDFC_Top100_Direct,2018-07-13,54.7351
HDFC_Top100_Direct,2018-07-16,53.8182
HDFC_Top100_Direct,2018-07-17,53.9208
HDFC_Top100_Direct,2018-07-18,53.3584
HDFC_Top100_Direct,2018-07-19,53.0648
HDFC_Top100_Direct,2018-07-20,53.1279
HDFC_Top100_Direct,2018-07-23,53.4957
HDFC_Top100_Direct,2018-07-24,54.2935
HDFC_Top100_Direct,2018-07-25,54.3981
HDFC_Top100_Direct,2018-07-26,54.6171
HDFC_Top100_Direct,2018-07-27,55.8532
HDFC_Top100_Direct,2018-07-30,56.2737
HDFC_Top100_Direct,2018-07-31,56.6181
HDFC_Top100_Direct,2018-08-01,57.0216
HDFC_Top100_Direct,2018-08-02,57.2162
HDFC_Top100_Direct,2018-08-03,57.7594
HDFC_Top100_Direct,2018-08-06,58.7914
HDFC_Top100_Direct,2018-08-07,58.9834
HDFC_Top100_Direct,2018-08-08,59.0029
HDFC_Top100_Direct,2018-08-09,58.7543
HDFC_Top100_Direct,2018-08-10,58.6551
HDFC_Top100_Direct,2018-08-13,58.2451
HDFC_Top100_Direct,2018-08-14,58.0781
HDFC_Top100_Direct,2018-08-16,58.388
HDFC_Top100_Direct,2018-08-17,58.7555
HDFC_Top100_Direct,2018-08-20,58.7597
HDFC_Top100_Direct,2018-08-21,58.8857
HDFC_Top100_Direct,2018-08-23,59.031
HDFC_Top100_Direct,2018-08-24,58.8617
HDFC_Top100_Direct,2018-08-27,59.3442
HDFC_Top100_Direct,2018-08-28,59.5545
HDFC_Top100_Direct,2018-08-29,59.4907
HDFC_Top100_Direct,2018-08-30,59.5719
HDFC_Top100_Direct,2018-08-31,60.1287
HDFC_Top100_Direct,2018-09-03,59.8974
HDFC_Top100_Direct,2018-09-04,58.889
HDFC_Top100_Direct,2018-09-05,58.6949
HDFC_Top100_Direct,2018-09-06,59.2383
HDFC_Top100_Direct,2018-09-07,59.3814
HDFC_Top100_Direct,2018-09-10,58.943
HDFC_Top100_Direct,2018-09-11,58.317
HDFC_Top100_Direct,2018-09-12,58.2059
HDFC_Top100_Direct,2018-09-14,58.7983
HDFC_Top100_Direct,2018-09-17,58.5504
HDFC_Top100_Direct,2018-09-18,58.0036
HDFC_Top100_Direct,2018-09-19,57.5821
HDFC_Top100_Direct,2018-09-21,56.4467
HDFC_Top100_Direct,2018-09-24,55.2821
HDFC_Top100_Direct,2018-09-25,54.8274
HDFC_Top100_Direct,2018-09-26,55.1202
HDFC_Top100_Direct,2018-09-27,54.4466
HDFC_Top100_Direct,2018-09-28,53.3171
HDFC_Top100_Direct,2018-10-01,52.883
HDFC_Top100_Direct,2018-10-03,52.9192
HDFC_Top100_Direct,2018-10-04,51.9575
HDFC_Top100_Direct,2018-10-05,51.0967
HDFC_Top100_Direct,2018-10-08,50.3191
HDFC_Top100_Direct,2018-10-09,49.9984
HDFC_Top100_Direct,2018-10-10,51.6901
HDFC_Top100_Direct,2018-10-11,51.0028
HDFC_Top100_Direct,2018-10-12,51.7944
HDFC_Top100_Direct,2018-10-15,52.1697
HDFC_Top100_Direct,2018-10-16,52.7174
HDFC_Top100_Direct,2018-10-17,51.9801
HDFC_Top100_Direct,2018-10-19,51.425
HDFC_Top100_Direct,2018-10-22,50.7772
HDFC_Top100_Direct,2018-10-23,50.1667
HDFC_Top100_Direct,2018-10-24,50.3952
HDFC_Top100_Direct,2018-10-25,50.251
HDFC_Top100_Direct,2018-10-26,50.3325
HDFC_Top100_Direct,2018-10-29,50.9297
HDFC_Top100_Direct,2018-10-30,51.4475
HDFC_Top100_Direct,2018-10-31,51.8851
HDFC_Top100_Direct,2018-11-01,52.0587
HDFC_Top100_Direct,2018-11-02,52.5668
HDFC_Top100_Direct,2018-11-05,52.4327
HDFC_Top100_Direct,2018-11-06,52.3747
HDFC_Top100_Direct,2018-11-09,53.0344
HDFC_Top100_Direct,2018-11-12,52.6627
HDFC_Top100_Direct,2018-11-13,52.6014
HDFC_Top100_Direct,2018-11-14,52.847
HDFC_Top100_Direct,2018-11-15,52.6406
HDFC_Top100_Direct,2018-11-16,52.5647
HDFC_Top100_Direct,2018-11-19,53.029
HDFC_Top100_Direct,2018-11-20,52.7118
HDFC_Top100_Direct,2018-11-21,52.6805
HDFC_Top100_Direct,2018-11-22,52.5867
HDFC_Top100_Direct,2018-11-26,52.3692
HDFC_Top100_Direct,2018-11-27,52.3787
HDFC_Top100_Direct,2018-11-28,52.4448
HDFC_Top100_Direct,2018-11-29,52.4969
HDFC_Top100_Direct,2018-11-30,52.7422
HDFC_Top100_Direct,2018-12-03,52.7747
HDFC_Top100_Direct,2018-12-04,52.9458
HDFC_Top100_Direct,2018-12-05,52.5267
HDFC_Top100_Direct,2018-12-06,51.9051
HDFC_Top100_Direct,2018-12-07,52.0078
HDFC_Top100_Direct,2018-12-10,51.301
HDFC_Top100_Direct,2018-12-11,51.6933
HDFC_Top100_Direct,2018-12-12,52.6722
HDFC_Top100_Direct,2018-12-13,53.0474
HDFC_Top100_Direct,2018-12-14,53.0898
HDFC_Top100_Direct,2018-12-17,53.2949
HDFC_Top100_Direct,2018-12-18,53.4937
HDFC_Top100_Direct,2018-12-19,54.0589
HDFC_Top100_Direct,2018-12-20,54.1591
HDFC_Top100_Direct,2018-12-21,53.5026
HDFC_Top100_Direct,2018-12-24,52.8045
HDFC_Top100_Direct,2018-12-26,52.817
HDFC_Top100_Direct,2018-12-27,53.0365
HDFC_Top100_Direct,2018-12-28,53.5178
HDFC_Top100_Direct,2018-12-31,53.8265
HDFC_Top100_Direct,2019-01-01,53.818
HDFC_Top100_Direct,2019-01-02,53.7148
HDFC_Top100_Direct,2019-01-03,53.5067
HDFC_Top100_Direct,2019-01-04,53.3289
HDFC_Top100_Direct,2019-01-07,53.4187
HDFC_Top100_Direct,2019-01-08,53.2516
HDFC_Top100_Direct,2019-01-09,53.2998
HDFC_Top100_Direct,2019-01-10,53.2423
HDFC_Top100_Direct,2019-01-11,53.1862
HDFC_Top100_Direct,2019-01-14,53.1547
HDFC_Top100_Direct,2019-01-15,53.2756
HDFC_Top100_Direct,2019-01-16,53.2055
HDFC_Top100_Direct,2019-01-17,53.1674
HDFC_Top100_Direct,2019-01-18,53.071
HDFC_Top100_Direct,2019-01-21,52.858
HDFC_Top100_Direct,2019-01-22,52.5351
HDFC_Top100_Direct,2019-01-23,52.2713
HDFC_Top100_Direct,2019-01-24,52.2905
HDFC_Top100_Direct,2019-01-25,51.8002
HDFC_Top100_Direct,2019-01-28,51.0862
HDFC_Top100_Direct,2019-01-29,51.0547
HDFC_Top100_Direct,2019-01-30,51.0055
HDFC_Top100_Direct,2019-01-31,51.3507
HDFC_Top100_Direct,2019-02-01,51.2972
HDFC_Top100_Direct,2019-02-04,51.0358
HDFC_Top100_Direct,2019-02-05,50.7151
HDFC_Top100_Direct,2019-02-06,50.5395
HDFC_Top100_Direct,2019-02-07,50.8924
HDFC_Top100_Direct,2019-02-08,50.5532
HDFC_Top100_Direct,2019-02-11,50.1417
HDFC_Top100_Direct,2019-02-12,49.9865
HDFC_Top100_Direct,2019-02-13,49.9159
HDFC_Top100_Direct,2019-02-14,50.0246
HDFC_Top100_Direct,2019-02-15,49.8363
HDFC_Top100_Direct,2019-02-18,49.7231
HDFC_Top100_Direct,2019-02-19,50.1932
HDFC_Top100_Direct,2019-02-20,50.5134
HDFC_Top100_Direct,2019-02-21,50.8863
HDFC_Top100_Direct,2019-02-22,51.1164
HDFC_Top100_Direct,2019-02-25,51.1544
HDFC_Top100_Direct,2019-02-26,50.9392
HDFC_Top100_Direct,2019-02-27,50.6695
HDFC_Top100_Direct,2019-02-28,50.7717
HDFC_Top100_Direct,2019-03-01,51.4418
HDFC_Top100_Direct,2019-03-05,52.7007
HDFC_Top100_Direct,2019-03-06,53.2436
HDFC_Top100_Direct,2019-03-07,53.7052
HDFC_Top100_Direct,2019-03-08,53.9401
HDFC_Top100_Direct,2019-03-11,54.7406
HDFC_Top100_Direct,2019-03-12,55.2773
HDFC_Top100_Direct,2019-03-13,55.1959
HDFC_Top100_Direct,2019-03-14,55.0181
HDFC_Top100_Direct,2019-03-15,54.8323
HDFC_Top100_Direct,2019-03-18,54.8356
HDFC_Top100_Direct,2019-03-19,55.1238
HDFC_Top100_Direct,2019-03-20,54.7637
HDFC_Top100_Direct,2019-03-22,54.6498
HDFC_Top100_Direct,2019-03-25,54.0256
HDFC_Top100_Direct,2019-03-26,54.4065
HDFC_Top100_Direct,2019-03-27,54.46
HDFC_Top100_Direct,2019-03-28,54.7581
HDFC_Top100_Direct,2019-03-29,55.663
HDFC_Top100_Direct,2019-04-01,56.1772
HDFC_Top100_Direct,2019-04-02,56.0011
HDFC_Top100_Direct,2019-04-03,55.6601
HDFC_Top100_Direct,2019-04-04,55.6447
HDFC_Top100_Direct,2019-04-05,56.0191
HDFC_Top100_Direct,2019-04-08,55.8828
HDFC_Top100_Direct,2019-04-09,55.6612
HDFC_Top100_Direct,2019-04-10,55.6388
HDFC_Top100_Direct,2019-04-11,55.7987
HDFC_Top100_Direct,2019-04-12,55.9226
HDFC_Top100_Direct,2019-04-15,56.1536
HDFC_Top100_Direct,2019-04-16,56.1267
HDFC_Top100_Direct,2019-04-18,55.7232
HDFC_Top100_Direct,2019-04-22,54.9458
HDFC_Top100_Direct,2019-04-23,55.0555
HDFC_Top100_Direct,2019-04-24,55.2723
HDFC_Top100_Direct,2019-04-25,55.3592
HDFC_Top100_Direct,2019-04-26,55.3187
HDFC_Top100_Direct,2019-04-30,55.083
HDFC_Top100_Direct,2019-05-02,55.0024
HDFC_Top100_Direct,2019-05-03,54.897
HDFC_Top100_Direct,2019-05-06,54.4976
HDFC_Top100_Direct,2019-05-07,54.3424
HDFC_Top100_Direct,2019-05-08,53.8583
HDFC_Top100_Direct,2019-05-09,53.7084
HDFC_Top100_Direct,2019-05-10,53.706
HDFC_Top100_Direct,2019-05-13,52.8389
HDFC_Top100_Direct,2019-05-14,53.1004
HDFC_Top100_Direct,2019-05-15,53.0303
HDFC_Top100_Direct,2019-05-16,52.9338
HDFC_Top100_Direct,2019-05-17,53.073
HDFC_Top100_Direct,2019-05-20,54.4867
HDFC_Top100_Direct,2019-05-21,54.0838
HDFC_Top100_Direct,2019-05-22,54.0958
HDFC_Top100_Direct,2019-05-23,53.9873
HDFC_Top100_Direct,2019-05-24,54.9948
HDFC_Top100_Direct,2019-05-27,55.9036
HDFC_Top100_Direct,2019-05-28,56.5415
HDFC_Top100_Direct,2019-05-29,56.3573
HDFC_Top100_Direct,2019-05-30,56.1882
HDFC_Top100_Direct,2019-05-31,56.4804
HDFC_Top100_Direct,2019-06-03,56.7417
HDFC_Top100_Direct,2019-06-04,56.7067
HDFC_Top100_Direct,2019-06-06,56.1253
HDFC_Top100_Direct,2019-06-07,56.094
HDFC_Top100_Direct,2019-06-10,55.7431
HDFC_Top100_Direct,2019-06-11,55.677
HDFC_Top100_Direct,2019-06-12,55.6663
HDFC_Top100_Direct,2019-06-13,55.3583
HDFC_Top100_Direct,2019-06-14,55.2265
HDFC_Top100_Direct,2019-06-17,54.651
HDFC_Top100_Direct,2019-06-18,54.3588
HDFC_Top100_Direct,2019-06-19,54.0946
HDFC_Top100_Direct,2019-06-20,54.4507
HDFC_Top100_Direct,2019-06-21,54.4826
HDFC_Top100_Direct,2019-06-24,54.1894
HDFC_Top100_Direct,2019-06-25,54.4957
HDFC_Top100_Direct,2019-06-26,54.9657
HDFC_Top100_Direct,2019-06-27,55.097
HDFC_Top100_Direct,2019-06-28,55.224
HDFC_Top100_Direct,2019-07-01,55.3031
HDFC_Top100_Direct,2019-07-02,55.456
HDFC_Top100_Direct,2019-07-03,55.3738
HDFC_Top100_Direct,2019-07-04,55.4699
HDFC_Top100_Direct,2019-07-05,54.8561
HDFC_Top100_Direct,2019-07-08,54.1644
HDFC_Top100_Direct,2019-07-09,54.0836
HDFC_Top100_Direct,2019-07-10,53.8443
HDFC_Top100_Direct,2019-07-11,54.0984
HDFC_Top100_Direct,2019-07-12,54.2785
HDFC_Top100_Direct,2019-07-15,54.1461
HDFC_Top100_Direct,2019-07-16,54.0856
HDFC_Top100_Direct,2019-07-17,54.319
HDFC_Top100_Direct,2019-07-18,54.0147
HDFC_Top100_Direct,2019-07-19,53.4029
HDFC_Top100_Direct,2019-07-22,53.024
HDFC_Top100_Direct,2019-07-23,53.155
HDFC_Top100_Direct,2019-07-24,52.7374
HDFC_Top100_Direct,2019-07-25,52.5207
HDFC_Top100_Direct,2019-07-26,52.5686
HDFC_Top100_Direct,2019-07-29,52.1616
HDFC_Top100_Direct,2019-07-30,51.466
HDFC_Top100_Direct,2019-07-31,51.9017
HDFC_Top100_Direct,2019-08-01,51.3082
HDFC_Top100_Direct,2019-08-02,51.0349
HDFC_Top100_Direct,2019-08-05,50.5861
HDFC_Top100_Direct,2019-08-06,51.0319
HDFC_Top100_Direct,2019-08-07,51.1681
HDFC_Top100_Direct,2019-08-08,51.2595
HDFC_Top100_Direct,2019-08-09,51.6177
HDFC_Top100_Direct,2019-08-13,51.0979
HDFC_Top100_Direct,2019-08-14,51.7299
HDFC_Top100_Direct,2019-08-16,52.0211
HDFC_Top100_Direct,2019-08-19,51.9983
HDFC_Top100_Direct,2019-08-20,51.9247
HDFC_Top100_Direct,2019-08-21,51.522
HDFC_Top100_Direct,2019-08-22,51.038
HDFC_Top100_Direct,2019-08-23,51.3091
HDFC_Top100_Direct,2019-08-26,52.0341
HDFC_Top100_Direct,2019-08-27,52.5731
HDFC_Top100_Direct,2019-08-28,52.4938
HDFC_Top100_Direct,2019-08-29,52.0987
HDFC_Top100_Direct,2019-08-30,52.3752
HDFC_Top100_Direct,2019-09-03,51.9742
HDFC_Top100_Direct,2019-09-04,52.1216
HDFC_Top100_Direct,2019-09-05,52.2783
HDFC_Top100_Direct,2019-09-06,52.6455
HDFC_Top100_Direct,2019-09-09,52.9366
HDFC_Top100_Direct,2019-09-11,53.7478
HDFC_Top100_Direct,2019-09-12,53.6476
HDFC_Top100_Direct,2019-09-13,53.6012
HDFC_Top100_Direct,2019-09-16,53.814
HDFC_Top100_Direct,2019-09-17,53.1853
HDFC_Top100_Direct,2019-09-18,53.1334
HDFC_Top100_Direct,2019-09-19,52.7845
HDFC_Top100_Direct,2019-09-20,54.447
HDFC_Top100_Direct,2019-09-23,56.3502
HDFC_Top100_Direct,2019-09-24,56.4498
HDFC_Top100_Direct,2019-09-25,55.9413
HDFC_Top100_Direct,2019-09-26,56.3859
HDFC_Top100_Direct,2019-09-27,56.3843
HDFC_Top100_Direct,2019-09-30,56.147
HDFC_Top100_Direct,2019-10-01,55.6556
HDFC_Top100_Direct,2019-10-03,55.399
HDFC_Top100_Direct,2019-10-04,54.9464
HDFC_Top100_Direct,2019-10-07,54.8053
HDFC_Top100_Direct,2019-10-09,55.0566
HDFC_Top100_Direct,2019-10-10,54.7665
HDFC_Top100_Direct,2019-10-11,54.8222
HDFC_Top100_Direct,2019-10-14,54.9658
HDFC_Top100_Direct,2019-10-15,55.0504
HDFC_Top100_Direct,2019-10-16,54.9299
HDFC_Top100_Direct,2019-10-17,55.2661
HDFC_Top100_Direct,2019-10-18,56.3596
HDFC_Top100_Direct,2019-10-22,56.3394
HDFC_Top100_Direct,2019-10-23,56.394
HDFC_Top100_Direct,2019-10-24,56.4878
HDFC_Top100_Direct,2019-10-25,56.3768
HDFC_Top100_Direct,2019-10-29,57.0785
HDFC_Top100_Direct,2019-10-30,57.1831
HDFC_Top100_Direct,2019-10-31,57.6615
HDFC_Top100_Direct,2019-11-01,57.9809
HDFC_Top100_Direct,2019-11-04,58.5157
HDFC_Top100_Direct,2019-11-05,58.0708
HDFC_Top100_Direct,2019-11-06,57.7536
HDFC_Top100_Direct,2019-11-07,57.9074
HDFC_Top100_Direct,2019-11-08,57.4537
HDFC_Top100_Direct,2019-11-11,57.692
HDFC_Top100_Direct,2019-11-13,57.9023
HDFC_Top100_Direct,2019-11-14,57.8273
HDFC_Top100_Direct,2019-11-15,57.71
HDFC_Top100_Direct,2019-11-18,57.7894
HDFC_Top100_Direct,2019-11-19,57.8266
HDFC_Top100_Direct,2019-11-20,57.8357
HDFC_Top100_Direct,2019-11-21,58.0232
HDFC_Top100_Direct,2019-11-22,58.0555
HDFC_Top100_Direct,2019-11-25,58.2373
HDFC_Top100_Direct,2019-11-26,57.9258
HDFC_Top100_Direct,2019-11-27,57.825
HDFC_Top100_Direct,2019-11-28,57.7441
HDFC_Top100_Direct,2019-11-29,57.9839
HDFC_Top100_Direct,2019-12-02,58.0533
HDFC_Top100_Direct,2019-12-03,57.9542
HDFC_Top100_Direct,2019-12-04,58.3397
HDFC_Top100_Direct,2019-12-05,58.2459
HDFC_Top100_Direct,2019-12-06,57.6323
HDFC_Top100_Direct,2019-12-09,57.3044
HDFC_Top100_Direct,2019-12-10,56.8176
HDFC_Top100_Direct,2019-12-11,56.6208
HDFC_Top100_Direct,2019-12-12,56.7141
HDFC_Top100_Direct,2019-12-13,57.2957
HDFC_Top100_Direct,2019-12-16,56.9909
HDFC_Top100_Direct,2019-12-17,57.3155
HDFC_Top100_Direct,2019-12-18,57.1274
HDFC_Top100_Direct,2019-12-19,57.3051
HDFC_Top100_Direct,2019-12-20,57.6649
HDFC_Top100_Direct,2019-12-23,57.5756
HDFC_Top100_Direct,2019-12-24,57.4196
HDFC_Top100_Direct,2019-12-26,57.4846
HDFC_Top100_Direct,2019-12-27,57.7682
HDFC_Top100_Direct,2019-12-30,57.7981
HDFC_Top100_Direct,2019-12-31,57.8093
HDFC_Top100_Direct,2020-01-01,57.886
HDFC_Top100_Direct,2020-01-02,58.3988
HDFC_Top100_Direct,2020-01-03,58.6872
HDFC_Top100_Direct,2020-01-06,57.7329
HDFC_Top100_Direct,2020-01-07,58.2107
HDFC_Top100_Direct,2020-01-08,57.9868
HDFC_Top100_Direct,2020-01-09,58.6407
HDFC_Top100_Direct,2020-01-10,58.9076
HDFC_Top100_Direct,2020-01-13,59.1726
HDFC_Top100_Direct,2020-01-14,59.2895
HDFC_Top100_Direct,2020-01-15,59.6795
HDFC_Top100_Direct,2020-01-16,60.2189
HDFC_Top100_Direct,2020-01-17,60.8952
HDFC_Top100_Direct,2020-01-20,60.9709
HDFC_Top100_Direct,2020-01-21,60.7275
HDFC_Top100_Direct,2020-01-22,60.8469
HDFC_Top100_Direct,2020-01-23,61.1488
HDFC_Top100_Direct,2020-01-24,61.8393
HDFC_Top100_Direct,2020-01-27,61.9656
HDFC_Top100_Direct,2020-01-28,62.0886
HDFC_Top100_Direct,2020-01-29,62.1324
HDFC_Top100_Direct,2020-01-30,61.8134
HDFC_Top100_Direct,2020-01-31,61.7543
HDFC_Top100_Direct,2020-02-03,60.8872
HDFC_Top100_Direct,2020-02-04,61.7883
HDFC_Top100_Direct,2020-02-05,62.0606
HDFC_Top100_Direct,2020-02-06,62.089
HDFC_Top100_Direct,2020-02-07,62.3167
HDFC_Top100_Direct,2020-02-10,61.9086
HDFC_Top100_Direct,2020-02-11,62.1921
HDFC_Top100_Direct,2020-02-12,62.2058
HDFC_Top100_Direct,2020-02-13,62.2181
HDFC_Top100_Direct,2020-02-14,62.2419
HDFC_Top100_Direct,2020-02-17,62.0469
HDFC_Top100_Direct,2020-02-18,61.5595
HDFC_Top100_Direct,2020-02-19,62.26
HDFC_Top100_Direct,2020-02-20,62.3727
HDFC_Top100_Direct,2020-02-24,61.7942
HDFC_Top100_Direct,2020-02-25,61.6015
HDFC_Top100_Direct,2020-02-26,61.1649
HDFC_Top100_Direct,2020-02-27,61.0899
HDFC_Top100_Direct,2020-02-28,59.45
HDFC_Top100_Direct,2020-03-02,59.4357
HDFC_Top100_Direct,2020-03-03,59.7023
HDFC_Top100_Direct,2020-03-04,58.8308
HDFC_Top100_Direct,2020-03-05,59.2727
HDFC_Top100_Direct,2020-03-06,58.5236
HDFC_Top100_Direct,2020-03-09,56.7701
HDFC_Top100_Direct,2020-03-11,56.6672
HDFC_Top100_Direct,2020-03-12,53.1617
HDFC_Top100_Direct,2020-03-13,53.1576
HDFC_Top100_Direct,2020-03-16,50.8999
HDFC_Top100_Direct,2020-03-17,49.9371
HDFC_Top100_Direct,2020-03-18,47.0783
HDFC_Top100_Direct,2020-03-19,45.2642
HDFC_Top100_Direct,2020-03-20,45.7468
HDFC_Top100_Direct,2020-03-23,41.311
HDFC_Top100_Direct,2020-03-24,41.26
HDFC_Top100_Direct,2020-03-25,42.2905
HDFC_Top100_Direct,2020-03-26,43.7048
HDFC_Top100_Direct,2020-03-27,44.2552
HDFC_Top100_Direct,2020-03-30,43.1613
HDFC_Top100_Direct,2020-03-31,44.2998
HDFC_Top100_Direct,2020-04-01,43.7773
HDFC_Top100_Direct,2020-04-03,43.6981
HDFC_Top100_Direct,2020-04-07,45.121
HDFC_Top100_Direct,2020-04-08,45.7678
HDFC_Top100_Direct,2020-04-09,46.7891
HDFC_Top100_Direct,2020-04-13,46.3737
HDFC_Top100_Direct,2020-04-15,46.6621
HDFC_Top100_Direct,2020-04-16,47.0044
HDFC_Top100_Direct,2020-04-17,47.9462
HDFC_Top100_Direct,2020-04-20,48.8951
HDFC_Top100_Direct,2020-04-21,47.7874
HDFC_Top100_Direct,2020-04-22,48.307
HDFC_Top100_Direct,2020-04-23,48.6464
HDFC_Top100_Direct,2020-04-24,47.8799
HDFC_Top100_Direct,2020-04-27,48.0846
HDFC_Top100_Direct,2020-04-28,48.4286
HDFC_Top100_Direct,2020-04-29,48.915
HDFC_Top100_Direct,2020-04-30,49.4021
HDFC_Top100_Direct,2020-05-04,48.0018
HDFC_Top100_Direct,2020-05-05,47.5152
HDFC_Top100_Direct,2020-05-06,47.5508
HDFC_Top100_Direct,2020-05-07,47.4015
HDFC_Top100_Direct,2020-05-08,47.0197
HDFC_Top100_Direct,2020-05-11,46.9345
HDFC_Top100_Direct,2020-05-12,46.6427
HDFC_Top100_Direct,2020-05-13,47.5349
HDFC_Top100_Direct,2020-05-14,46.8328
HDFC_Top100_Direct,2020-05-15,46.9331
HDFC_Top100_Direct,2020-05-18,45.8781
HDFC_Top100_Direct,2020-05-19,45.725
HDFC_Top100_Direct,2020-05-20,46.2563
HDFC_Top100_Direct,2020-05-21,46.5947
HDFC_Top100_Direct,2020-05-22,46.2132
HDFC_Top100_Direct,2020-05-26,46.4193
HDFC_Top100_Direct,2020-05-27,46.5354
HDFC_Top100_Direct,2020-05-28,47.1434
HDFC_Top100_Direct,2020-05-29,47.8748
HDFC_Top100_Direct,2020-06-01,49.3635
HDFC_Top100_Direct,2020-06-02,50.232
HDFC_Top100_Direct,2020-06-03,50.9722
HDFC_Top100_Direct,2020-06-04,50.798
HDFC_Top100_Direct,2020-06-05,51.3008
HDFC_Top100_Direct,2020-06-08,51.7451
HDFC_Top100_Direct,2020-06-09,51.1714
HDFC_Top100_Direct,2020-06-10,51.4119
HDFC_Top100_Direct,2020-06-11,50.6426
HDFC_Top100_Direct,2020-06-12,50.8648
HDFC_Top100_Direct,2020-06-15,51.0041
HDFC_Top100_Direct,2020-06-16,50.7675
HDFC_Top100_Direct,2020-06-17,50.9734
HDFC_Top100_Direct,2020-06-18,51.5685
HDFC_Top100_Direct,2020-06-19,52.3501
HDFC_Top100_Direct,2020-06-22,53.2647
HDFC_Top100_Direct,2020-06-23,53.6129
HDFC_Top100_Direct,2020-06-24,53.2495
HDFC_Top100_Direct,2020-06-25,53.1915
HDFC_Top100_Direct,2020-06-26,53.4577
HDFC_Top100_Direct,2020-06-29,52.9446
HDFC_Top100_Direct,2020-06-30,52.8219
HDFC_Top100_Direct,2020-07-01,53.0526
HDFC_Top100_Direct,2020-07-02,53.4633
HDFC_Top100_Direct,2020-07-03,53.9367
HDFC_Top100_Direct,2020-07-06,54.7915
HDFC_Top100_Direct,2020-07-07,54.932
HDFC_Top100_Direct,2020-07-08,54.5073
HDFC_Top100_Direct,2020-07-09,54.9956
HDFC_Top100_Direct,2020-07-10,54.9376
HDFC_Top100_Direct,2020-07-13,54.5398
HDFC_Top100_Direct,2020-07-14,54.2574
HDFC_Top100_Direct,2020-07-15,54.4579
HDFC_Top100_Direct,2020-07-16,54.2633
HDFC_Top100_Direct,2020-07-17,54.546
HDFC_Top100_Direct,2020-07-20,54.9045
HDFC_Top100_Direct,2020-07-21,55.4238
HDFC_Top100_Direct,2020-07-22,55.5652
HDFC_Top100_Direct,2020-07-23,55.9901
HDFC_Top100_Direct,2020-07-24,56.1087
HDFC_Top100_Direct,2020-07-27,55.5097
HDFC_Top100_Direct,2020-07-28,55.2362
HDFC_Top100_Direct,2020-07-29,55.1299
HDFC_Top100_Direct,2020-07-30,55.0194
HDFC_Top100_Direct,2020-07-31,55.3008
HDFC_Top100_Direct,2020-08-03,56.0147
HDFC_Top100_Direct,2020-08-04,56.5565
HDFC_Top100_Direct,2020-08-05,57.0065
HDFC_Top100_Direct,2020-08-06,57.6979
HDFC_Top100_Direct,2020-08-07,57.9724
HDFC_Top100_Direct,2020-08-10,58.7216
HDFC_Top100_Direct,2020-08-11,58.9922
HDFC_Top100_Direct,2020-08-12,59.2859
HDFC_Top100_Direct,2020-08-13,60.7092
HDFC_Top100_Direct,2020-08-14,60.8519
HDFC_Top100_Direct,2020-08-17,61.0084
HDFC_Top100_Direct,2020-08-18,61.5686
HDFC_Top100_Direct,2020-08-19,61.7767
HDFC_Top100_Direct,2020-08-20,62.3087
HDFC_Top100_Direct,2020-08-21,63.2056
HDFC_Top100_Direct,2020-08-24,64.2166
HDFC_Top100_Direct,2020-08-25,64.2012
HDFC_Top100_Direct,2020-08-26,64.6439
HDFC_Top100_Direct,2020-08-27,65.0304
HDFC_Top100_Direct,2020-08-28,65.0345
HDFC_Top100_Direct,2020-08-31,62.3588
HDFC_Top100_Direct,2020-09-01,62.3265
HDFC_Top100_Direct,2020-09-02,63.5433
HDFC_Top100_Direct,2020-09-03,63.6277
HDFC_Top100_Direct,2020-09-04,63.0449
HDFC_Top100_Direct,2020-09-07,63.1455
HDFC_Top100_Direct,2020-09-08,62.6925
HDFC_Top100_Direct,2020-09-09,61.9976
HDFC_Top100_Direct,2020-09-10,62.9838
HDFC_Top100_Direct,2020-09-11,62.9364
HDFC_Top100_Direct,2020-09-14,65.8331
HDFC_Top100_Direct,2020-09-15,66.5188
HDFC_Top100_Direct,2020-09-16,66.7009
HDFC_Top100_Direct,2020-09-17,66.2742
HDFC_Top100_Direct,2020-09-18,65.7147
HDFC_Top100_Direct,2020-09-21,63.9585
HDFC_Top100_Direct,2020-09-22,62.8153
HDFC_Top100_Direct,2020-09-23,62.7063
HDFC_Top100_Direct,2020-09-24,61.6467
HDFC_Top100_Direct,2020-09-25,62.4845
HDFC_Top100_Direct,2020-09-28,63.5663
HDFC_Top100_Direct,2020-09-29,63.6305
HDFC_Top100_Direct,2020-09-30,63.8023
HDFC_Top100_Direct,2020-10-01,64.1093
HDFC_Top100_Direct,2020-10-05,64.3535
HDFC_Top100_Direct,2020-10-06,64.2617
HDFC_Top100_Direct,2020-10-07,64.1025
HDFC_Top100_Direct,2020-10-08,63.4817
HDFC_Top100_Direct,2020-10-09,63.2906
HDFC_Top100_Direct,2020-10-12,62.7597
HDFC_Top100_Direct,2020-10-13,62.8658
HDFC_Top100_Direct,2020-10-14,63.4637
HDFC_Top100_Direct,2020-10-15,62.5586
HDFC_Top100_Direct,2020-10-16,63.2883
HDFC_Top100_Direct,2020-10-19,63.7933
HDFC_Top100_Direct,2020-10-20,63.7148
HDFC_Top100_Direct,2020-10-21,63.7626
HDFC_Top100_Direct,2020-10-22,63.9264
HDFC_Top100_Direct,2020-10-23,64.4167
HDFC_Top100_Direct,2020-10-26,64.1467
HDFC_Top100_Direct,2020-10-27,64.2905
HDFC_Top100_Direct,2020-10-28,64.1264
HDFC_Top100_Direct,2020-10-29,63.8738
HDFC_Top100_Direct,2020-10-30,64.0422
HDFC_Top100_Direct,2020-11-02,63.9582
HDFC_Top100_Direct,2020-11-03,64.2757
HDFC_Top100_Direct,2020-11-04,64.6703
HDFC_Top100_Direct,2020-11-05,65.3632
HDFC_Top100_Direct,2020-11-06,65.761
HDFC_Top100_Direct,2020-11-09,66.5707
HDFC_Top100_Direct,2020-11-10,66.4961
HDFC_Top100_Direct,2020-11-11,66.6685
HDFC_Top100_Direct,2020-11-12,67.0874
HDFC_Top100_Direct,2020-11-13,67.8975
HDFC_Top100_Direct,2020-11-17,69.2585
HDFC_Top100_Direct,2020-11-18,70.0787
HDFC_Top100_Direct,2020-11-19,70.3257
HDFC_Top100_Direct,2020-11-20,70.6897
HDFC_Top100_Direct,2020-11-23,71.3108
HDFC_Top100_Direct,2020-11-24,72.0394
HDFC_Top100_Direct,2020-11-25,71.2859
HDFC_Top100_Direct,2020-11-26,71.4394
HDFC_Top100_Direct,2020-11-27,73.1105
HDFC_Top100_Direct,2020-12-01,73.9151
HDFC_Top100_Direct,2020-12-02,74.0961
HDFC_Top100_Direct,2020-12-03,74.5188
HDFC_Top100_Direct,2020-12-04,75.2531
HDFC_Top100_Direct,2020-12-07,76.2757
HDFC_Top100_Direct,2020-12-08,76.0347
HDFC_Top100_Direct,2020-12-09,76.3633
HDFC_Top100_Direct,2020-12-10,76.0258
HDFC_Top100_Direct,2020-12-11,76.1897
HDFC_Top100_Direct,2020-12-14,76.7302
HDFC_Top100_Direct,2020-12-15,76.8527
HDFC_Top100_Direct,2020-12-16,77.1352
HDFC_Top100_Direct,2020-12-17,76.9464
HDFC_Top100_Direct,2020-12-18,76.6351
HDFC_Top100_Direct,2020-12-21,74.3431
HDFC_Top100_Direct,2020-12-22,74.4438
HDFC_Top100_Direct,2020-12-23,75.995
HDFC_Top100_Direct,2020-12-24,76.2652
HDFC_Top100_Direct,2020-12-28,77.201
HDFC_Top100_Direct,2020-12-29,77.9378
HDFC_Top100_Direct,2020-12-30,78.1608
HDFC_Top100_Direct,2020-12-31,78.1396
HDFC_Top100_Direct,2021-01-01,78.961
HDFC_Top100_Direct,2021-01-04,79.9178
HDFC_Top100_Direct,2021-01-05,80.6897
HDFC_Top100_Direct,2021-01-06,80.8795
HDFC_Top100_Direct,2021-01-07,81.8689
HDFC_Top100_Direct,2021-01-08,82.4047
HDFC_Top100_Direct,2021-01-11,82.0949
HDFC_Top100_Direct,2021-01-12,81.9853
HDFC_Top100_Direct,2021-01-13,81.6065
HDFC_Top100_Direct,2021-01-14,81.0944
HDFC_Top100_Direct,2021-01-15,80.5302
HDFC_Top100_Direct,2021-01-18,79.4401
HDFC_Top100_Direct,2021-01-19,80.6173
HDFC_Top100_Direct,2021-01-20,80.6259
HDFC_Top100_Direct,2021-01-21,80.5094
HDFC_Top100_Direct,2021-01-22,79.6084
HDFC_Top100_Direct,2021-01-25,78.9867
HDFC_Top100_Direct,2021-01-27,78.2494
HDFC_Top100_Direct,2021-01-28,77.7009
HDFC_Top100_Direct,2021-01-29,77.8537
HDFC_Top100_Direct,2021-02-01,79.4344
HDFC_Top100_Direct,2021-02-02,80.6225
HDFC_Top100_Direct,2021-02-03,81.6538
HDFC_Top100_Direct,2021-02-04,82.4453
HDFC_Top100_Direct,2021-02-05,82.6153
HDFC_Top100_Direct,2021-02-08,83.4924
HDFC_Top100_Direct,2021-02-09,83.1303
HDFC_Top100_Direct,2021-02-10,83.3864
HDFC_Top100_Direct,2021-02-11,84.1694
HDFC_Top100_Direct,2021-02-12,84.5864
HDFC_Top100_Direct,2021-02-15,85.0276
HDFC_Top100_Direct,2021-02-16,84.5871
HDFC_Top100_Direct,2021-02-17,84.8193
HDFC_Top100_Direct,2021-02-18,85.5317
HDFC_Top100_Direct,2021-02-19,84.9273
HDFC_Top100_Direct,2021-02-22,83.6608
HDFC_Top100_Direct,2021-02-23,84.0135
HDFC_Top100_Direct,2021-02-24,84.7936
HDFC_Top100_Direct,2021-02-25,86.3588
HDFC_Top100_Direct,2021-02-26,85.7878
HDFC_Top100_Direct,2021-03-01,86.8947
HDFC_Top100_Direct,2021-03-02,87.7662
HDFC_Top100_Direct,2021-03-03,88.4923
HDFC_Top100_Direct,2021-03-04,88.9623
HDFC_Top100_Direct,2021-03-05,88.2252
HDFC_Top100_Direct,2021-03-08,88.5876
HDFC_Top100_Direct,2021-03-09,88.3161
HDFC_Top100_Direct,2021-03-10,88.6966
HDFC_Top100_Direct,2021-03-12,88.9315
HDFC_Top100_Direct,2021-03-15,88.5963
HDFC_Top100_Direct,2021-03-16,88.5682
HDFC_Top100_Direct,2021-03-17,87.2732
HDFC_Top100_Direct,2021-03-18,86.0465
HDFC_Top100_Direct,2021-03-19,85.7498
HDFC_Top100_Direct,2021-03-22,86.4156
HDFC_Top100_Direct,2021-03-23,87.5212
HDFC_Top100_Direct,2021-03-24,86.1717
HDFC_Top100_Direct,2021-03-25,84.6698
HDFC_Top100_Direct,2021-03-26,85.5087
HDFC_Top100_Direct,2021-03-30,86.6977
HDFC_Top100_Direct,2021-03-31,87.4737
HDFC_Top100_Direct,2021-04-01,88.4903
HDFC_Top100_Direct,2021-04-05,87.5976
HDFC_Top100_Direct,2021-04-06,88.3419
HDFC_Top100_Direct,2021-04-07,88.9063
HDFC_Top100_Direct,2021-04-08,89.9964
HDFC_Top100_Direct,2021-04-09,90.0091
HDFC_Top100_Direct,2021-04-12,86.272
HDFC_Top100_Direct,2021-04-13,86.9516
HDFC_Top100_Direct,2021-04-15,87.1259
HDFC_Top100_Direct,2021-04-16,87.3888
HDFC_Top100_Direct,2021-04-19,86.7783
HDFC_Top100_Direct,2021-04-20,87.1948
HDFC_Top100_Direct,2021-04-22,87.767
HDFC_Top100_Direct,2021-04-23,87.9149
HDFC_Top100_Direct,2021-04-26,88.5558
HDFC_Top100_Direct,2021-04-27,89.5712
HDFC_Top100_Direct,2021-04-28,90.332
HDFC_Top100_Direct,2021-04-29,90.6173
HDFC_Top100_Direct,2021-04-30,90.4752
HDFC_Top100_Direct,2021-05-03,91.3828
HDFC_Top100_Direct,2021-05-04,91.3626
HDFC_Top100_Direct,2021-05-05,92.0577
HDFC_Top100_Direct,2021-05-06,92.1186
HDFC_Top100_Direct,2021-05-07,92.2135
HDFC_Top100_Direct,2021-05-10,92.846
HDFC_Top100_Direct,2021-05-11,93.5737
HDFC_Top100_Direct,2021-05-12,92.9124
HDFC_Top100_Direct,2021-05-14,92.2765
HDFC_Top100_Direct,2021-05-17,92.9585
HDFC_Top100_Direct,2021-05-18,93.9225
HDFC_Top100_Direct,2021-05-19,94.7558
HDFC_Top100_Direct,2021-05-20,95.0316
HDFC_Top100_Direct,2021-05-21,95.3914
HDFC_Top100_Direct,2021-05-24,96.0305
HDFC_Top100_Direct,2021-05-25,96.8992
HDFC_Top100_Direct,2021-05-26,97.3437
HDFC_Top100_Direct,2021-05-27,97.9063
HDFC_Top100_Direct,2021-05-28,97.2483
HDFC_Top100_Direct,2021-05-31,97.38
HDFC_Top100_Direct,2021-06-01,97.2044
HDFC_Top100_Direct,2021-06-02,98.0796
HDFC_Top100_Direct,2021-06-03,98.125
HDFC_Top100_Direct,2021-06-04,98.8539
HDFC_Top100_Direct,2021-06-07,99.9491
HDFC_Top100_Direct,2021-06-08,100.1122
HDFC_Top100_Direct,2021-06-09,99.0036
HDFC_Top100_Direct,2021-06-10,99.9654
HDFC_Top100_Direct,2021-06-11,99.8345
HDFC_Top100_Direct,2021-06-14,99.2339
HDFC_Top100_Direct,2021-06-15,99.6014
HDFC_Top100_Direct,2021-06-16,99.1338
HDFC_Top100_Direct,2021-06-17,98.6026
HDFC_Top100_Direct,2021-06-18,98.4344
HDFC_Top100_Direct,2021-06-21,98.8195
HDFC_Top100_Direct,2021-06-22,99.366
HDFC_Top100_Direct,2021-06-23,99.71
HDFC_Top100_Direct,2021-06-24,99.7729
HDFC_Top100_Direct,2021-06-25,100.1155
HDFC_Top100_Direct,2021-06-28,100.7862
HDFC_Top100_Direct,2021-06-29,100.5042
HDFC_Top100_Direct,2021-06-30,100.9756
HDFC_Top100_Direct,2021-07-01,101.142
HDFC_Top100_Direct,2021-07-02,101.8067
HDFC_Top100_Direct,2021-07-05,102.4792
HDFC_Top100_Direct,2021-07-06,102.8988
HDFC_Top100_Direct,2021-07-07,103.5981
HDFC_Top100_Direct,2021-07-08,103.0963
HDFC_Top100_Direct,2021-07-09,103.1664
HDFC_Top100_Direct,2021-07-12,104.1041
HDFC_Top100_Direct,2021-07-13,104.6746
HDFC_Top100_Direct,2021-07-14,105.2564
HDFC_Top100_Direct,2021-07-15,105.0695
HDFC_Top100_Direct,2021-07-16,104.9914
HDFC_Top100_Direct,2021-07-19,104.8046
HDFC_Top100_Direct,2021-07-20,103.3603
HDFC_Top100_Direct,2021-07-22,104.1531
HDFC_Top100_Direct,2021-07-23,104.3972
HDFC_Top100_Direct,2021-07-26,104.4083
HDFC_Top100_Direct,2021-07-27,103.8914
HDFC_Top100_Direct,2021-07-28,103.617
HDFC_Top100_Direct,2021-07-29,104.8903
HDFC_Top100_Direct,2021-07-30,105.3714
HDFC_Top100_Direct,2021-08-02,106.1017
HDFC_Top100_Direct,2021-08-03,106.3929
HDFC_Top100_Direct,2021-08-04,105.4579
HDFC_Top100_Direct,2021-08-05,104.998
HDFC_Top100_Direct,2021-08-06,104.8069
HDFC_Top100_Direct,2021-08-09,104.2697
HDFC_Top100_Direct,2021-08-10,102.739
HDFC_Top100_Direct,2021-08-11,101.5778
HDFC_Top100_Direct,2021-08-12,102.8351
HDFC_Top100_Direct,2021-08-13,103.1156
HDFC_Top100_Direct,2021-08-16,102.6818
HDFC_Top100_Direct,2021-08-17,102.9948
HDFC_Top100_Direct,2021-08-18,102.7792
HDFC_Top100_Direct,2021-08-20,101.3154
HDFC_Top100_Direct,2021-08-23,100.065
HDFC_Top100_Direct,2021-08-24,101.0715
HDFC_Top100_Direct,2021-08-25,101.532
HDFC_Top100_Direct,2021-08-26,102.162
HDFC_Top100_Direct,2021-08-27,102.8137
HDFC_Top100_Direct,2021-08-30,104.648
HDFC_Top100_Direct,2021-08-31,105.6214
HDFC_Top100_Direct,2021-09-01,105.6616
HDFC_Top100_Direct,2021-09-02,106.4916
HDFC_Top100_Direct,2021-09-03,106.5171
HDFC_Top100_Direct,2021-09-06,107.1149
HDFC_Top100_Direct,2021-09-07,106.9263
HDFC_Top100_Direct,2021-09-08,107.1416
HDFC_Top100_Direct,2021-09-09,108.1289
HDFC_Top100_Direct,2021-09-13,108.3557
HDFC_Top100_Direct,2021-09-14,109.5639
HDFC_Top100_Direct,2021-09-15,110.3295
HDFC_Top100_Direct,2021-09-16,110.188
HDFC_Top100_Direct,2021-09-17,109.0842
HDFC_Top100_Direct,2021-09-20,107.5332
HDFC_Top100_Direct,2021-09-21,107.9811
HDFC_Top100_Direct,2021-09-22,109.0144
HDFC_Top100_Direct,2021-09-23,110.2011
HDFC_Top100_Direct,2021-09-24,109.5436
HDFC_Top100_Direct,2021-09-27,109.313
HDFC_Top100_Direct,2021-09-28,109.4454
HDFC_Top100_Direct,2021-09-29,109.4882
HDFC_Top100_Direct,2021-09-30,110.1672
HDFC_Top100_Direct,2021-10-01,110.9385
HDFC_Top100_Direct,2021-10-04,112.8335
HDFC_Top100_Direct,2021-10-05,112.8715
HDFC_Top100_Direct,2021-10-06,112.5383
HDFC_Top100_Direct,2021-10-07,113.9512
HDFC_Top100_Direct,2021-10-08,114.3972
HDFC_Top100_Direct,2021-10-11,115.1336
HDFC_Top100_Direct,2021-10-12,115.2274
HDFC_Top100_Direct,2021-10-13,116.4436
HDFC_Top100_Direct,2021-10-14,116.6919
HDFC_Top100_Direct,2021-10-18,117.5222
HDFC_Top100_Direct,2021-10-19,116.2545
HDFC_Top100_Direct,2021-10-20,113.4912
HDFC_Top100_Direct,2021-10-21,113.8861
HDFC_Top100_Direct,2021-10-22,113.4348
HDFC_Top100_Direct,2021-10-25,111.9962
HDFC_Top100_Direct,2021-10-26,113.5163
HDFC_Top100_Direct,2021-10-27,114.1178
HDFC_Top100_Direct,2021-10-28,113.475
HDFC_Top100_Direct,2021-10-29,113.6715
HDFC_Top100_Direct,2021-11-01,114.2579
HDFC_Top100_Direct,2021-11-02,115.5178
HDFC_Top100_Direct,2021-11-03,115.5222
HDFC_Top100_Direct,2021-11-08,117.3055
HDFC_Top100_Direct,2021-11-09,117.9077
HDFC_Top100_Direct,2021-11-10,117.9059
HDFC_Top100_Direct,2021-11-11,118.4235
HDFC_Top100_Direct,2021-11-12,119.2912
HDFC_Top100_Direct,2021-11-15,119.239
HDFC_Top100_Direct,2021-11-16,118.6213
HDFC_Top100_Direct,2021-11-17,118.1513
HDFC_Top100_Direct,2021-11-18,116.9958
HDFC_Top100_Direct,2021-11-22,114.5634
HDFC_Top100_Direct,2021-11-23,115.7625
HDFC_Top100_Direct,2021-11-24,116.9382
HDFC_Top100_Direct,2021-11-25,117.3365
HDFC_Top100_Direct,2021-11-26,113.7581
HDFC_Top100_Direct,2021-11-29,112.0406
HDFC_Top100_Direct,2021-11-30,114.6061
HDFC_Top100_Direct,2021-12-01,114.5225
HDFC_Top100_Direct,2021-12-02,115.1803
HDFC_Top100_Direct,2021-12-03,115.4989
HDFC_Top100_Direct,2021-12-06,114.2375
HDFC_Top100_Direct,2021-12-07,115.5693
HDFC_Top100_Direct,2021-12-08,115.9955
HDFC_Top100_Direct,2021-12-09,116.4189
HDFC_Top100_Direct,2021-12-10,117.0295
HDFC_Top100_Direct,2021-12-13,116.6731
HDFC_Top100_Direct,2021-12-14,116.5661
HDFC_Top100_Direct,2021-12-15,116.7334
HDFC_Top100_Direct,2021-12-16,115.5621
HDFC_Top100_Direct,2021-12-17,114.4182
HDFC_Top100_Direct,2021-12-20,111.4291
HDFC_Top100_Direct,2021-12-21,112.1347
HDFC_Top100_Direct,2021-12-22,113.5008
HDFC_Top100_Direct,2021-12-23,114.0603
HDFC_Top100_Direct,2021-12-24,113.0034
HDFC_Top100_Direct,2021-12-27,113.1013
HDFC_Top100_Direct,2021-12-28,114.187
HDFC_Top100_Direct,2021-12-29,115.107
HDFC_Top100_Direct,2021-12-30,115.0392
HDFC_Top100_Direct,2021-12-31,116.5135
HDFC_Top100_Direct,2022-01-03,117.8295
HDFC_Top100_Direct,2022-01-04,117.9937
HDFC_Top100_Direct,2022-01-05,117.8449
HDFC_Top100_Direct,2022-01-06,118.078
HDFC_Top100_Direct,2022-01-07,118.0578
HDFC_Top100_Direct,2022-01-10,119.259
HDFC_Top100_Direct,2022-01-11,119.2122
HDFC_Top100_Direct,2022-01-12,120.503
HDFC_Top100_Direct,2022-01-13,120.6145
HDFC_Top100_Direct,2022-01-14,121.5144
HDFC_Top100_Direct,2022-01-17,121.889
HDFC_Top100_Direct,2022-01-18,120.3738
HDFC_Top100_Direct,2022-01-19,120.1682
HDFC_Top100_Direct,2022-01-20,120.1311
HDFC_Top100_Direct,2022-01-21,118.8871
HDFC_Top100_Direct,2022-01-24,113.8388
HDFC_Top100_Direct,2022-01-25,114.9265
HDFC_Top100_Direct,2022-01-27,113.4644
HDFC_Top100_Direct,2022-01-28,113.7542
HDFC_Top100_Direct,2022-01-31,115.1383
HDFC_Top100_Direct,2022-02-01,116.8615
HDFC_Top100_Direct,2022-02-02,118.2925
HDFC_Top100_Direct,2022-02-03,117.9384
HDFC_Top100_Direct,2022-02-04,118.1779
HDFC_Top100_Direct,2022-02-07,118.1213
HDFC_Top100_Direct,2022-02-08,116.9897
HDFC_Top100_Direct,2022-02-09,116.6628
HDFC_Top100_Direct,2022-02-10,116.361
HDFC_Top100_Direct,2022-02-11,114.5805
HDFC_Top100_Direct,2022-02-14,111.1649
HDFC_Top100_Direct,2022-02-15,112.2859
HDFC_Top100_Direct,2022-02-16,113.4702
HDFC_Top100_Direct,2022-02-17,113.0094
HDFC_Top100_Direct,2022-02-18,112.6163
HDFC_Top100_Direct,2022-02-21,110.5555
HDFC_Top100_Direct,2022-02-22,109.2415
HDFC_Top100_Direct,2022-02-23,109.8892
HDFC_Top100_Direct,2022-02-24,105.5919
HDFC_Top100_Direct,2022-02-25,109.1447
HDFC_Top100_Direct,2022-02-28,109.8735
HDFC_Top100_Direct,2022-03-02,109.7898
HDFC_Top100_Direct,2022-03-03,109.9523
HDFC_Top100_Direct,2022-03-04,108.4432
HDFC_Top100_Direct,2022-03-07,106.6562
HDFC_Top100_Direct,2022-03-08,107.1074
HDFC_Top100_Direct,2022-03-09,108.7536
HDFC_Top100_Direct,2022-03-10,109.8399
HDFC_Top100_Direct,2022-03-11,110.3959
HDFC_Top100_Direct,2022-03-14,111.3776
HDFC_Top100_Direct,2022-03-15,110.7915
HDFC_Top100_Direct,2022-03-16,111.4996
HDFC_Top100_Direct,2022-03-17,112.1278
HDFC_Top100_Direct,2022-03-21,111.8034
HDFC_Top100_Direct,2022-03-22,111.8136
HDFC_Top100_Direct,2022-03-23,112.0594
HDFC_Top100_Direct,2022-03-24,112.129
HDFC_Top100_Direct,2022-03-25,111.8414
HDFC_Top100_Direct,2022-03-28,111.3773
HDFC_Top100_Direct,2022-03-29,112.833
HDFC_Top100_Direct,2022-03-30,113.3938
HDFC_Top100_Direct,2022-03-31,113.3881
HDFC_Top100_Direct,2022-04-01,114.8655
HDFC_Top100_Direct,2022-04-04,116.1819
HDFC_Top100_Direct,2022-04-05,117.6729
HDFC_Top100_Direct,2022-04-06,117.9615
HDFC_Top100_Direct,2022-04-07,117.3808
HDFC_Top100_Direct,2022-04-08,118.159
HDFC_Top100_Direct,2022-04-11,118.7434
HDFC_Top100_Direct,2022-04-12,117.6272
HDFC_Top100_Direct,2022-04-13,117.5522
HDFC_Top100_Direct,2022-04-18,117.0086
HDFC_Top100_Direct,2022-04-19,116.0671
HDFC_Top100_Direct,2022-04-20,116.0793
HDFC_Top100_Direct,2022-04-21,117.0681
HDFC_Top100_Direct,2022-04-22,116.9877
HDFC_Top100_Direct,2022-04-25,115.7364
HDFC_Top100_Direct,2022-04-26,116.5381
HDFC_Top100_Direct,2022-04-27,116.3239
HDFC_Top100_Direct,2022-04-28,117.2654
HDFC_Top100_Direct,2022-04-29,116.4371
HDFC_Top100_Direct,2022-05-02,115.6675
HDFC_Top100_Direct,2022-05-04,113.5479
HDFC_Top100_Direct,2022-05-05,113.3928
HDFC_Top100_Direct,2022-05-06,111.917
HDFC_Top100_Direct,2022-05-09,111.1072
HDFC_Top100_Direct,2022-05-10,109.6278
HDFC_Top100_Direct,2022-05-11,108.1924
HDFC_Top100_Direct,2022-05-12,106.8265
HDFC_Top100_Direct,2022-05-13,107.0481
HDFC_Top100_Direct,2022-05-16,108.381
HDFC_Top100_Direct,2022-05-17,110.5126
HDFC_Top100_Direct,2022-05-18,110.4242
HDFC_Top100_Direct,2022-05-19,109.1737
HDFC_Top100_Direct,2022-05-20,110.5206
HDFC_Top100_Direct,2022-05-23,110.7194
HDFC_Top100_Direct,2022-05-24,110.3592
HDFC_Top100_Direct,2022-05-25,108.4736
HDFC_Top100_Direct,2022-05-26,109.0641
HDFC_Top100_Direct,2022-05-27,109.1239
HDFC_Top100_Direct,2022-05-30,110.8854
HDFC_Top100_Direct,2022-05-31,111.3985
HDFC_Top100_Direct,2022-06-01,113.0469
HDFC_Top100_Direct,2022-06-02,113.0447
HDFC_Top100_Direct,2022-06-03,111.6854
HDFC_Top100_Direct,2022-06-06,111.468
HDFC_Top100_Direct,2022-06-07,110.8741
HDFC_Top100_Direct,2022-06-08,110.696
HDFC_Top100_Direct,2022-06-09,110.773
HDFC_Top100_Direct,2022-06-10,110.3611
HDFC_Top100_Direct,2022-06-13,108.1973
HDFC_Top100_Direct,2022-06-14,107.7655
HDFC_Top100_Direct,2022-06-15,107.9569
HDFC_Top100_Direct,2022-06-16,105.836
HDFC_Top100_Direct,2022-06-17,104.8911
HDFC_Top100_Direct,2022-06-20,103.2049
HDFC_Top100_Direct,2022-06-21,104.8701
HDFC_Top100_Direct,2022-06-22,104.2718
HDFC_Top100_Direct,2022-06-23,105.5826
HDFC_Top100_Direct,2022-06-24,106.563
HDFC_Top100_Direct,2022-06-27,107.743
HDFC_Top100_Direct,2022-06-28,107.8457
HDFC_Top100_Direct,2022-06-29,107.5298
HDFC_Top100_Direct,2022-06-30,107.3447
HDFC_Top100_Direct,2022-07-01,107.2511
HDFC_Top100_Direct,2022-07-04,108.086
HDFC_Top100_Direct,2022-07-05,108.9019
HDFC_Top100_Direct,2022-07-06,109.4531
HDFC_Top100_Direct,2022-07-07,110.0959
HDFC_Top100_Direct,2022-07-08,110.3205
HDFC_Top100_Direct,2022-07-11,111.3735
HDFC_Top100_Direct,2022-07-12,110.5217
HDFC_Top100_Direct,2022-07-13,110.6876
HDFC_Top100_Direct,2022-07-14,110.5523
HDFC_Top100_Direct,2022-07-15,111.1987
HDFC_Top100_Direct,2022-07-18,111.9322
HDFC_Top100_Direct,2022-07-19,112.8046
HDFC_Top100_Direct,2022-07-20,112.9868
HDFC_Top100_Direct,2022-07-21,113.4094
HDFC_Top100_Direct,2022-07-22,114.09
HDFC_Top100_Direct,2022-07-25,114.3251
HDFC_Top100_Direct,2022-07-26,113.9363
HDFC_Top100_Direct,2022-07-27,114.2238
HDFC_Top100_Direct,2022-07-28,115.4212
HDFC_Top100_Direct,2022-07-29,115.8262
HDFC_Top100_Direct,2022-08-01,118.4285
HDFC_Top100_Direct,2022-08-02,119.6709
HDFC_Top100_Direct,2022-08-03,119.3671
HDFC_Top100_Direct,2022-08-04,119.5351
HDFC_Top100_Direct,2022-08-05,119.5001
HDFC_Top100_Direct,2022-08-08,120.8529
HDFC_Top100_Direct,2022-08-10,121.7895
HDFC_Top100_Direct,2022-08-11,122.0436
HDFC_Top100_Direct,2022-08-12,122.1465
HDFC_Top100_Direct,2022-08-16,122.5798
HDFC_Top100_Direct,2022-08-17,122.7003
HDFC_Top100_Direct,2022-08-18,123.1031
HDFC_Top100_Direct,2022-08-19,121.8963
HDFC_Top100_Direct,2022-08-22,121.1594
HDFC_Top100_Direct,2022-08-23,122.1378
HDFC_Top100_Direct,2022-08-24,122.9131
HDFC_Top100_Direct,2022-08-25,123.2572
HDFC_Top100_Direct,2022-08-26,123.6562
HDFC_Top100_Direct,2022-08-29,123.2418
HDFC_Top100_Direct,2022-08-30,124.7127
HDFC_Top100_Direct,2022-09-01,124.8265
HDFC_Top100_Direct,2022-09-02,126.1091
HDFC_Top100_Direct,2022-09-05,126.9883
HDFC_Top100_Direct,2022-09-06,127.812
HDFC_Top100_Direct,2022-09-07,128.9903
HDFC_Top100_Direct,2022-09-08,129.8388
HDFC_Top100_Direct,2022-09-09,130.1662
HDFC_Top100_Direct,2022-09-12,131.2711
HDFC_Top100_Direct,2022-09-13,130.9984
HDFC_Top100_Direct,2022-09-14,131.5105
HDFC_Top100_Direct,2022-09-15,130.8477
HDFC_Top100_Direct,2022-09-16,128.0029
HDFC_Top100_Direct,2022-09-19,127.8166
HDFC_Top100_Direct,2022-09-20,128.8983
HDFC_Top100_Direct,2022-09-21,128.623
HDFC_Top100_Direct,2022-09-22,128.606
HDFC_Top100_Direct,2022-09-23,126.9671
HDFC_Top100_Direct,2022-09-26,123.8437
HDFC_Top100_Direct,2022-09-27,124.6406
HDFC_Top100_Direct,2022-09-28,124.4319
HDFC_Top100_Direct,2022-09-29,125.2023
HDFC_Top100_Direct,2022-09-30,126.7384
HDFC_Top100_Direct,2022-10-03,127.1351
HDFC_Top100_Direct,2022-10-04,128.2436
HDFC_Top100_Direct,2022-10-06,128.8844
HDFC_Top100_Direct,2022-10-07,129.3889
HDFC_Top100_Direct,2022-10-10,128.2879
HDFC_Top100_Direct,2022-10-11,127.5503
HDFC_Top100_Direct,2022-10-12,127.8117
HDFC_Top100_Direct,2022-10-13,127.0832
HDFC_Top100_Direct,2022-10-14,127.3371
HDFC_Top100_Direct,2022-10-17,127.4936
HDFC_Top100_Direct,2022-10-18,128.0846
HDFC_Top100_Direct,2022-10-19,128.6649
HDFC_Top100_Direct,2022-10-20,128.7159
HDFC_Top100_Direct,2022-10-21,127.685
HDFC_Top100_Direct,2022-10-25,128.1443
HDFC_Top100_Direct,2022-10-27,128.5742
HDFC_Top100_Direct,2022-10-28,127.8495
HDFC_Top100_Direct,2022-10-31,127.6411
HDFC_Top100_Direct,2022-11-01,127.8603
HDFC_Top100_Direct,2022-11-02,128.4568
HDFC_Top100_Direct,2022-11-03,128.4345
HDFC_Top100_Direct,2022-11-04,128.615
HDFC_Top100_Direct,2022-11-07,128.9903
HDFC_Top100_Direct,2022-11-09,128.443
HDFC_Top100_Direct,2022-11-10,127.722
HDFC_Top100_Direct,2022-11-11,127.747
HDFC_Top100_Direct,2022-11-14,127.4932
HDFC_Top100_Direct,2022-11-15,127.4028
HDFC_Top100_Direct,2022-11-16,128.1135
HDFC_Top100_Direct,2022-11-17,128.0744
HDFC_Top100_Direct,2022-11-18,127.4022
HDFC_Top100_Direct,2022-11-21,127.6535
HDFC_Top100_Direct,2022-11-22,127.4269
HDFC_Top100_Direct,2022-11-23,127.7493
HDFC_Top100_Direct,2022-11-24,128.2567
HDFC_Top100_Direct,2022-11-25,128.5562
HDFC_Top100_Direct,2022-11-28,129.0166
HDFC_Top100_Direct,2022-11-29,128.544
HDFC_Top100_Direct,2022-11-30,129.5097
HDFC_Top100_Direct,2022-12-01,130.2758
HDFC_Top100_Direct,2022-12-02,130.6855
HDFC_Top100_Direct,2022-12-05,131.0408
HDFC_Top100_Direct,2022-12-06,130.9286
HDFC_Top100_Direct,2022-12-07,130.6184
HDFC_Top100_Direct,2022-12-08,131.3288
HDFC_Top100_Direct,2022-12-09,130.5903
HDFC_Top100_Direct,2022-12-12,130.6256
HDFC_Top100_Direct,2022-12-13,131.0784
HDFC_Top100_Direct,2022-12-14,131.9951
HDFC_Top100_Direct,2022-12-15,130.9591
HDFC_Top100_Direct,2022-12-16,129.8891
HDFC_Top100_Direct,2022-12-19,129.9222
HDFC_Top100_Direct,2022-12-20,130.2814
HDFC_Top100_Direct,2022-12-21,128.1564
HDFC_Top100_Direct,2022-12-22,125.9663
HDFC_Top100_Direct,2022-12-23,122.5751
HDFC_Top100_Direct,2022-12-26,125.3049
HDFC_Top100_Direct,2022-12-27,126.32
HDFC_Top100_Direct,2022-12-28,126.6449
HDFC_Top100_Direct,2022-12-29,127.0211
HDFC_Top100_Direct,2022-12-30,127.3348
HDFC_Top100_Direct,2023-01-02,127.8404
HDFC_Top100_Direct,2023-01-03,127.7046
HDFC_Top100_Direct,2023-01-04,126.7266
HDFC_Top100_Direct,2023-01-05,126.7327
HDFC_Top100_Direct,2023-01-06,125.7185
HDFC_Top100_Direct,2023-01-09,126.4462
HDFC_Top100_Direct,2023-01-10,125.8004
HDFC_Top100_Direct,2023-01-11,125.908
HDFC_Top100_Direct,2023-01-12,126.1964
HDFC_Top100_Direct,2023-01-13,126.0588
HDFC_Top100_Direct,2023-01-16,125.9832
HDFC_Top100_Direct,2023-01-17,125.8074
HDFC_Top100_Direct,2023-01-18,125.7186
HDFC_Top100_Direct,2023-01-19,125.5433
HDFC_Top100_Direct,2023-01-20,124.805
HDFC_Top100_Direct,2023-01-23,124.425
HDFC_Top100_Direct,2023-01-24,124.1328
HDFC_Top100_Direct,2023-01-25,123.7522
HDFC_Top100_Direct,2023-01-27,122.6962
HDFC_Top100_Direct,2023-01-30,122.3633
HDFC_Top100_Direct,2023-01-31,124.3138
HDFC_Top100_Direct,2023-02-01,123.4784
HDFC_Top100_Direct,2023-02-02,124.0083
HDFC_Top100_Direct,2023-02-03,124.2907
HDFC_Top100_Direct,2023-02-06,123.9921
HDFC_Top100_Direct,2023-02-07,124.4182
HDFC_Top100_Direct,2023-02-08,125.1117
HDFC_Top100_Direct,2023-02-09,124.7379
HDFC_Top100_Direct,2023-02-10,125.1702
HDFC_Top100_Direct,2023-02-13,124.4056
HDFC_Top100_Direct,2023-02-14,124.0916
HDFC_Top100_Direct,2023-02-15,124.4506
HDFC_Top100_Direct,2023-02-16,124.9714
HDFC_Top100_Direct,2023-02-17,125.1119
HDFC_Top100_Direct,2023-02-20,124.9814
HDFC_Top100_Direct,2023-02-21,124.5172
HDFC_Top100_Direct,2023-02-22,123.392
HDFC_Top100_Direct,2023-02-23,123.0513
HDFC_Top100_Direct,2023-02-24,123.1777
HDFC_Top100_Direct,2023-02-27,122.0552
HDFC_Top100_Direct,2023-02-28,122.8701
HDFC_Top100_Direct,2023-03-01,123.665
HDFC_Top100_Direct,2023-03-02,123.3993
HDFC_Top100_Direct,2023-03-03,123.9481
HDFC_Top100_Direct,2023-03-06,124.8339
HDFC_Top100_Direct,2023-03-08,124.7469
HDFC_Top100_Direct,2023-03-09,124.5502
HDFC_Top100_Direct,2023-03-10,124.211
HDFC_Top100_Direct,2023-03-13,122.7771
HDFC_Top100_Direct,2023-03-14,121.7529
HDFC_Top100_Direct,2023-03-15,121.8605
HDFC_Top100_Direct,2023-03-16,120.9417
HDFC_Top100_Direct,2023-03-17,121.446
HDFC_Top100_Direct,2023-03-20,120.3344
HDFC_Top100_Direct,2023-03-21,120.9953
HDFC_Top100_Direct,2023-03-22,121.4156
HDFC_Top100_Direct,2023-03-23,121.7065
HDFC_Top100_Direct,2023-03-24,120.2745
HDFC_Top100_Direct,2023-03-27,119.383
HDFC_Top100_Direct,2023-03-28,118.3058
HDFC_Top100_Direct,2023-03-29,120.0371
HDFC_Top100_Direct,2023-03-31,121.7144
HDFC_Top100_Direct,2023-04-03,122.1271
HDFC_Top100_Direct,2023-04-05,122.6212
HDFC_Top100_Direct,2023-04-06,122.7811
HDFC_Top100_Direct,2023-04-10,122.9416
HDFC_Top100_Direct,2023-04-11,123.2215
HDFC_Top100_Direct,2023-04-12,123.6808
HDFC_Top100_Direct,2023-04-13,123.9911
HDFC_Top100_Direct,2023-04-17,124.2728
HDFC_Top100_Direct,2023-04-18,124.3244
HDFC_Top100_Direct,2023-04-19,124.6246
HDFC_Top100_Direct,2023-04-20,125.3792
HDFC_Top100_Direct,2023-04-21,125.2284
HDFC_Top100_Direct,2023-04-24,125.372
HDFC_Top100_Direct,2023-04-25,125.3949
HDFC_Top100_Direct,2023-04-26,125.8618
HDFC_Top100_Direct,2023-04-27,126.338
HDFC_Top100_Direct,2023-04-28,127.1712
HDFC_Top100_Direct,2023-05-02,127.3545
HDFC_Top100_Direct,2023-05-03,127.493
HDFC_Top100_Direct,2023-05-04,128.1846
HDFC_Top100_Direct,2023-05-05,127.7371
HDFC_Top100_Direct,2023-05-08,128.9877
HDFC_Top100_Direct,2023-05-09,128.8274
HDFC_Top100_Direct,2023-05-10,129.4546
HDFC_Top100_Direct,2023-05-11,130.2851
HDFC_Top100_Direct,2023-05-12,130.1433
HDFC_Top100_Direct,2023-05-15,130.5259
HDFC_Top100_Direct,2023-05-16,130.8127
HDFC_Top100_Direct,2023-05-17,130.5682
HDFC_Top100_Direct,2023-05-18,130.6447
HDFC_Top100_Direct,2023-05-19,130.2383
HDFC_Top100_Direct,2023-05-22,131.1264
HDFC_Top100_Direct,2023-05-23,130.87
HDFC_Top100_Direct,2023-05-24,130.9864
HDFC_Top100_Direct,2023-05-25,131.1635
HDFC_Top100_Direct,2023-05-26,131.5821
HDFC_Top100_Direct,2023-05-29,131.7139
HDFC_Top100_Direct,2023-05-30,131.9012
HDFC_Top100_Direct,2023-05-31,132.2913
HDFC_Top100_Direct,2023-06-01,132.3341
HDFC_Top100_Direct,2023-06-02,132.614
HDFC_Top100_Direct,2023-06-05,133.1177
HDFC_Top100_Direct,2023-06-06,133.5734
HDFC_Top100_Direct,2023-06-07,134.9855
HDFC_Top100_Direct,2023-06-08,134.5646
HDFC_Top100_Direct,2023-06-09,134.1118
HDFC_Top100_Direct,2023-06-12,134.7018
HDFC_Top100_Direct,2023-06-13,135.9844
HDFC_Top100_Direct,2023-06-14,136.5423
HDFC_Top100_Direct,2023-06-15,136.6775
HDFC_Top100_Direct,2023-06-16,137.2618
HDFC_Top100_Direct,2023-06-19,137.0258
HDFC_Top100_Direct,2023-06-20,137.3878
HDFC_Top100_Direct,2023-06-21,137.8518
HDFC_Top100_Direct,2023-06-22,137.2514
HDFC_Top100_Direct,2023-06-23,136.3524
HDFC_Top100_Direct,2023-06-26,137.1738
HDFC_Top100_Direct,2023-06-27,137.5173
HDFC_Top100_Direct,2023-06-28,137.561
HDFC_Top100_Direct,2023-06-30,138.0883
HDFC_Top100_Direct,2023-07-03,138.6742
HDFC_Top100_Direct,2023-07-04,138.2876
HDFC_Top100_Direct,2023-07-05,138.9579
HDFC_Top100_Direct,2023-07-06,139.6278
HDFC_Top100_Direct,2023-07-07,139.5112
HDFC_Top100_Direct,2023-07-10,139.4743
HDFC_Top100_Direct,2023-07-11,139.9054
HDFC_Top100_Direct,2023-07-12,140.8036
HDFC_Top100_Direct,2023-07-13,140.3448
HDFC_Top100_Direct,2023-07-14,141.0983
HDFC_Top100_Direct,2023-07-17,142.205
HDFC_Top100_Direct,2023-07-18,141.8948
HDFC_Top100_Direct,2023-07-19,142.4317
HDFC_Top100_Direct,2023-07-20,143.0615
HDFC_Top100_Direct,2023-07-21,142.8064
HDFC_Top100_Direct,2023-07-24,143.1832
HDFC_Top100_Direct,2023-07-25,143.1863
HDFC_Top100_Direct,2023-07-26,143.6188
HDFC_Top100_Direct,2023-07-27,143.8359
HDFC_Top100_Direct,2023-07-28,144.5824
HDFC_Top100_Direct,2023-07-31,146.1582
HDFC_Top100_Direct,2023-08-01,146.7457
HDFC_Top100_Direct,2023-08-02,145.4234
HDFC_Top100_Direct,2023-08-03,145.0795
HDFC_Top100_Direct,2023-08-04,145.7129
HDFC_Top100_Direct,2023-08-07,145.7272
HDFC_Top100_Direct,2023-08-08,145.5002
HDFC_Top100_Direct,2023-08-09,146.3293
HDFC_Top100_Direct,2023-08-10,145.4723
HDFC_Top100_Direct,2023-08-11,145.5881
HDFC_Top100_Direct,2023-08-14,145.3391
HDFC_Top100_Direct,2023-08-16,145.847
HDFC_Top100_Direct,2023-08-17,145.501
HDFC_Top100_Direct,2023-08-18,145.4976
HDFC_Top100_Direct,2023-08-21,145.9692
HDFC_Top100_Direct,2023-08-22,147.4207
HDFC_Top100_Direct,2023-08-23,147.6666
HDFC_Top100_Direct,2023-08-24,147.6233
HDFC_Top100_Direct,2023-08-25,147.0885
HDFC_Top100_Direct,2023-08-28,148.1074
HDFC_Top100_Direct,2023-08-29,148.5692
HDFC_Top100_Direct,2023-08-30,149.2884
HDFC_Top100_Direct,2023-08-31,150.2306
HDFC_Top100_Direct,2023-09-01,150.4126
HDFC_Top100_Direct,2023-09-04,151.5748
HDFC_Top100_Direct,2023-09-05,151.7655
HDFC_Top100_Direct,2023-09-06,151.6147
HDFC_Top100_Direct,2023-09-07,153.151
HDFC_Top100_Direct,2023-09-08,153.8431
HDFC_Top100_Direct,2023-09-11,154.9908
HDFC_Top100_Direct,2023-09-12,151.6583
HDFC_Top100_Direct,2023-09-13,151.9055
HDFC_Top100_Direct,2023-09-14,153.1389
HDFC_Top100_Direct,2023-09-15,153.193
HDFC_Top100_Direct,2023-09-18,152.7061
HDFC_Top100_Direct,2023-09-20,152.9313
HDFC_Top100_Direct,2023-09-21,150.8272
HDFC_Top100_Direct,2023-09-22,151.2597
HDFC_Top100_Direct,2023-09-25,151.1966
HDFC_Top100_Direct,2023-09-26,151.1526
HDFC_Top100_Direct,2023-09-27,151.7553
HDFC_Top100_Direct,2023-09-29,151.2497
HDFC_Top100_Direct,2023-10-03,151.7295
HDFC_Top100_Direct,2023-10-04,150.848
HDFC_Top100_Direct,2023-10-05,151.0584
HDFC_Top100_Direct,2023-10-06,151.72
HDFC_Top100_Direct,2023-10-09,149.6845
HDFC_Top100_Direct,2023-10-10,150.8563
HDFC_Top100_Direct,2023-10-11,151.7229
HDFC_Top100_Direct,2023-10-12,152.0191
HDFC_Top100_Direct,2023-10-13,151.9922
HDFC_Top100_Direct,2023-10-16,152.9747
HDFC_Top100_Direct,2023-10-17,153.4866
HDFC_Top100_Direct,2023-10-18,153.6252
HDFC_Top100_Direct,2023-10-19,153.637
HDFC_Top100_Direct,2023-10-20,152.8916
HDFC_Top100_Direct,2023-10-23,148.0186
HDFC_Top100_Direct,2023-10-25,146.7862
HDFC_Top100_Direct,2023-10-26,145.453
HDFC_Top100_Direct,2023-10-27,147.2793
HDFC_Top100_Direct,2023-10-30,147.1974
HDFC_Top100_Direct,2023-10-31,147.5626
HDFC_Top100_Direct,2023-11-01,147.1546
HDFC_Top100_Direct,2023-11-02,147.8192
HDFC_Top100_Direct,2023-11-03,148.7205
HDFC_Top100_Direct,2023-11-06,149.592
HDFC_Top100_Direct,2023-11-07,150.0494
HDFC_Top100_Direct,2023-11-08,150.5331
HDFC_Top100_Direct,2023-11-09,150.3998
HDFC_Top100_Direct,2023-11-10,150.5781
HDFC_Top100_Direct,2023-11-13,151.314
HDFC_Top100_Direct,2023-11-15,152.7398
HDFC_Top100_Direct,2023-11-16,152.8377
HDFC_Top100_Direct,2023-11-17,153.408
HDFC_Top100_Direct,2023-11-20,153.9873
HDFC_Top100_Direct,2023-11-21,154.9701
HDFC_Top100_Direct,2023-11-22,154.4341
HDFC_Top100_Direct,2023-11-23,154.3926
HDFC_Top100_Direct,2023-11-24,154.683
HDFC_Top100_Direct,2023-11-28,155.6451
HDFC_Top100_Direct,2023-11-29,155.7105
HDFC_Top100_Direct,2023-11-30,157.4314
HDFC_Top100_Direct,2023-12-01,157.4176
HDFC_Top100_Direct,2023-12-04,158.8101
HDFC_Top100_Direct,2023-12-05,159.5041
HDFC_Top100_Direct,2023-12-06,159.4849
HDFC_Top100_Direct,2023-12-07,159.9568
HDFC_Top100_Direct,2023-12-08,159.5553
HDFC_Top100_Direct,2023-12-11,159.7954
HDFC_Top100_Direct,2023-12-12,159.4436
HDFC_Top100_Direct,2023-12-13,159.9402
HDFC_Top100_Direct,2023-12-14,161.0609
HDFC_Top100_Direct,2023-12-15,161.5428
HDFC_Top100_Direct,2023-12-18,161.4356
HDFC_Top100_Direct,2023-12-19,161.0618
HDFC_Top100_Direct,2023-12-20,157.127
HDFC_Top100_Direct,2023-12-21,158.6327
HDFC_Top100_Direct,2023-12-22,159.2023
HDFC_Top100_Direct,2023-12-26,159.3241
HDFC_Top100_Direct,2023-12-27,159.8029
HDFC_Top100_Direct,2023-12-28,159.9625
HDFC_Top100_Direct,2023-12-29,161.2357
HDFC_Top100_Direct,2024-01-01,161.4272
HDFC_Top100_Direct,2024-01-02,162.0646
HDFC_Top100_Direct,2024-01-03,162.106
HDFC_Top100_Direct,2024-01-04,162.7609
HDFC_Top100_Direct,2024-01-05,163.7499
HDFC_Top100_Direct,2024-01-08,162.5916
HDFC_Top100_Direct,2024-01-09,162.8311
HDFC_Top100_Direct,2024-01-10,162.7562
HDFC_Top100_Direct,2024-01-11,163.7165
HDFC_Top100_Direct,2024-01-12,164.2106
HDFC_Top100_Direct,2024-01-15,165.0183
HDFC_Top100_Direct,2024-01-16,164.4321
HDFC_Top100_Direct,2024-01-17,162.9031
HDFC_Top100_Direct,2024-01-18,162.2609
HDFC_Top100_Direct,2024-01-19,162.8323
HDFC_Top100_Direct,2024-01-23,161.1305
HDFC_Top100_Direct,2024-01-24,162.9044
HDFC_Top100_Direct,2024-01-25,163.0642
HDFC_Top100_Direct,2024-01-29,164.243
HDFC_Top100_Direct,2024-01-30,163.8854
HDFC_Top100_Direct,2024-01-31,167.0853
HDFC_Top100_Direct,2024-02-01,166.5191
HDFC_Top100_Direct,2024-02-02,166.8172
HDFC_Top100_Direct,2024-02-05,165.8049
HDFC_Top100_Direct,2024-02-06,168.0277
HDFC_Top100_Direct,2024-02-07,168.7067
HDFC_Top100_Direct,2024-02-08,168.6894
HDFC_Top100_Direct,2024-02-09,168.0813
HDFC_Top100_Direct,2024-02-12,165.3607
HDFC_Top100_Direct,2024-02-13,166.3553
HDFC_Top100_Direct,2024-02-14,168.0551
HDFC_Top100_Direct,2024-02-15,168.783
HDFC_Top100_Direct,2024-02-16,169.6879
HDFC_Top100_Direct,2024-02-19,169.6421
HDFC_Top100_Direct,2024-02-20,169.7975
HDFC_Top100_Direct,2024-02-21,169.2609
HDFC_Top100_Direct,2024-02-22,169.453
HDFC_Top100_Direct,2024-02-23,170.7513
HDFC_Top100_Direct,2024-02-26,170.7723
HDFC_Top100_Direct,2024-02-27,171.1506
HDFC_Top100_Direct,2024-02-28,169.6781
HDFC_Top100_Direct,2024-02-29,169.9634
HDFC_Top100_Direct,2024-03-01,171.3862
HDFC_Top100_Direct,2024-03-04,172.0116
HDFC_Top100_Direct,2024-03-05,171.4449
HDFC_Top100_Direct,2024-03-06,168.7803
HDFC_Top100_Direct,2024-03-07,169.9846
HDFC_Top100_Direct,2024-03-11,168.4794
HDFC_Top100_Direct,2024-03-12,166.2062
HDFC_Top100_Direct,2024-03-13,160.5835
HDFC_Top100_Direct,2024-03-14,162.5619
HDFC_Top100_Direct,2024-03-15,162.6157
HDFC_Top100_Direct,2024-03-18,163.1055
HDFC_Top100_Direct,2024-03-19,162.3885
HDFC_Top100_Direct,2024-03-20,162.0769
HDFC_Top100_Direct,2024-03-21,165.0148
HDFC_Top100_Direct,2024-03-22,166.5897
HDFC_Top100_Direct,2024-03-26,166.3844
HDFC_Top100_Direct,2024-03-27,167.1819
HDFC_Top100_Direct,2024-03-28,167.8139
HDFC_Top100_Direct,2024-03-31,167.8136
HDFC_Top100_Direct,2024-04-01,171.3184
HDFC_Top100_Direct,2024-04-02,172.3272
HDFC_Top100_Direct,2024-04-03,173.6926
HDFC_Top100_Direct,2024-04-04,174.6364
HDFC_Top100_Direct,2024-04-05,175.3538
HDFC_Top100_Direct,2024-04-08,175.5646
HDFC_Top100_Direct,2024-04-09,175.3061
HDFC_Top100_Direct,2024-04-10,176.9202
HDFC_Top100_Direct,2024-04-12,175.8047
HDFC_Top100_Direct,2024-04-15,174.1554
HDFC_Top100_Direct,2024-04-16,174.6419
HDFC_Top100_Direct,2024-04-18,174.7465
HDFC_Top100_Direct,2024-04-19,175.6445
HDFC_Top100_Direct,2024-04-22,177.2586
HDFC_Top100_Direct,2024-04-23,178.2084
HDFC_Top100_Direct,2024-04-24,179.5328
HDFC_Top100_Direct,2024-04-25,180.4345
HDFC_Top100_Direct,2024-04-26,180.425
HDFC_Top100_Direct,2024-04-29,181.053
HDFC_Top100_Direct,2024-04-30,181.4347
HDFC_Top100_Direct,2024-05-02,181.828
HDFC_Top100_Direct,2024-05-03,180.5829
HDFC_Top100_Direct,2024-05-06,179.8196
HDFC_Top100_Direct,2024-05-07,178.2565
HDFC_Top100_Direct,2024-05-08,179.0846
HDFC_Top100_Direct,2024-05-09,174.9782
HDFC_Top100_Direct,2024-05-10,175.7796
HDFC_Top100_Direct,2024-05-13,175.8048
HDFC_Top100_Direct,2024-05-14,177.7655
HDFC_Top100_Direct,2024-05-15,179.5407
HDFC_Top100_Direct,2024-05-16,181.9138
HDFC_Top100_Direct,2024-05-17,183.6697
HDFC_Top100_Direct,2024-05-21,184.7749
HDFC_Top100_Direct,2024-05-22,185.1718
HDFC_Top100_Direct,2024-05-23,184.8647
HDFC_Top100_Direct,2024-05-24,184.2296
HDFC_Top100_Direct,2024-05-27,183.9672
HDFC_Top100_Direct,2024-05-28,183.2963
HDFC_Top100_Direct,2024-05-29,183.9199
HDFC_Top100_Direct,2024-05-30,181.9907
HDFC_Top100_Direct,2024-05-31,183.555
HDFC_Top100_Direct,2024-06-03,186.9155
HDFC_Top100_Direct,2024-06-04,178.3591
HDFC_Top100_Direct,2024-06-05,183.0496
HDFC_Top100_Direct,2024-06-06,186.5083
HDFC_Top100_Direct,2024-06-07,189.5698
HDFC_Top100_Direct,2024-06-10,192.3518
HDFC_Top100_Direct,2024-06-11,193.7358
HDFC_Top100_Direct,2024-06-12,195.4415
HDFC_Top100_Direct,2024-06-13,196.4383
HDFC_Top100_Direct,2024-06-14,198.1281
HDFC_Top100_Direct,2024-06-18,198.2516
HDFC_Top100_Direct,2024-06-19,197.8645
HDFC_Top100_Direct,2024-06-20,198.7321
HDFC_Top100_Direct,2024-06-21,198.8453
HDFC_Top100_Direct,2024-06-24,198.9645
HDFC_Top100_Direct,2024-06-25,199.2888
HDFC_Top100_Direct,2024-06-26,198.6826
HDFC_Top100_Direct,2024-06-27,197.541
HDFC_Top100_Direct,2024-06-28,197.8746
HDFC_Top100_Direct,2024-06-30,197.8755
HDFC_Top100_Direct,2024-07-01,200.4556
HDFC_Top100_Direct,2024-07-02,200.5912
HDFC_Top100_Direct,2024-07-03,202.9049
HDFC_Top100_Direct,2024-07-04,203.5723
HDFC_Top100_Direct,2024-07-05,204.8921
HDFC_Top100_Direct,2024-07-08,203.9505
HDFC_Top100_Direct,2024-07-09,204.7434
HDFC_Top100_Direct,2024-07-10,204.005
HDFC_Top100_Direct,2024-07-11,205.3326
HDFC_Top100_Direct,2024-07-12,204.3766
HDFC_Top100_Direct,2024-07-15,204.2651
HDFC_Top100_Direct,2024-07-16,204.6439
HDFC_Top100_Direct,2024-07-18,203.6047
HDFC_Top100_Direct,2024-07-19,200.7347
HDFC_Top100_Direct,2024-07-22,202.0355
HDFC_Top100_Direct,2024-07-23,201.7018
HDFC_Top100_Direct,2024-07-24,204.4677
HDFC_Top100_Direct,2024-07-25,203.7419
HDFC_Top100_Direct,2024-07-26,205.4205
HDFC_Top100_Direct,2024-07-29,208.2548
HDFC_Top100_Direct,2024-07-30,208.6912
HDFC_Top100_Direct,2024-07-31,208.4358
HDFC_Top100_Direct,2024-08-01,207.8403
HDFC_Top100_Direct,2024-08-02,206.2035
HDFC_Top100_Direct,2024-08-05,199.5619
HDFC_Top100_Direct,2024-08-06,199.0114
HDFC_Top100_Direct,2024-08-07,202.0034
HDFC_Top100_Direct,2024-08-08,201.0925
HDFC_Top100_Direct,2024-08-09,201.5699
HDFC_Top100_Direct,2024-08-12,202.1742
HDFC_Top100_Direct,2024-08-13,201.6101
HDFC_Top100_Direct,2024-08-14,200.5532
HDFC_Top100_Direct,2024-08-16,202.8471
HDFC_Top100_Direct,2024-08-19,204.1016
HDFC_Top100_Direct,2024-08-20,204.2778
HDFC_Top100_Direct,2024-08-21,205.6904
HDFC_Top100_Direct,2024-08-22,206.1419
HDFC_Top100_Direct,2024-08-23,206.3889
HDFC_Top100_Direct,2024-08-26,206.7864
HDFC_Top100_Direct,2024-08-27,207.4904
HDFC_Top100_Direct,2024-08-28,207.8987
HDFC_Top100_Direct,2024-08-29,207.0499
HDFC_Top100_Direct,2024-08-30,208.4168
HDFC_Top100_Direct,2024-08-31,208.4167
HDFC_Top100_Direct,2024-09-02,208.3113
HDFC_Top100_Direct,2024-09-03,209.171
HDFC_Top100_Direct,2024-09-04,208.9043
HDFC_Top100_Direct,2024-09-05,210.0836
HDFC_Top100_Direct,2024-09-06,209.5018
HDFC_Top100_Direct,2024-09-09,208.709
HDFC_Top100_Direct,2024-09-10,211.8353
HDFC_Top100_Direct,2024-09-11,210.1111
HDFC_Top100_Direct,2024-09-12,211.2842
HDFC_Top100_Direct,2024-09-13,212.6824
HDFC_Top100_Direct,2024-09-16,213.118
HDFC_Top100_Direct,2024-09-17,212.8713
HDFC_Top100_Direct,2024-09-18,212.1974
HDFC_Top100_Direct,2024-09-19,211.2903
HDFC_Top100_Direct,2024-09-20,212.0753
HDFC_Top100_Direct,2024-09-23,213.6607
HDFC_Top100_Direct,2024-09-24,212.9454
HDFC_Top100_Direct,2024-09-25,213.2071
HDFC_Top100_Direct,2024-09-26,212.393
HDFC_Top100_Direct,2024-09-27,213.8245
HDFC_Top100_Direct,2024-09-30,213.8541
HDFC_Top100_Direct,2024-10-01,214.2759
HDFC_Top100_Direct,2024-10-03,211.1073
HDFC_Top100_Direct,2024-10-04,210.645
HDFC_Top100_Direct,2024-10-07,205.9307
HDFC_Top100_Direct,2024-10-08,209.7125
HDFC_Top100_Direct,2024-10-09,211.4618
HDFC_Top100_Direct,2024-10-10,211.2075
HDFC_Top100_Direct,2024-10-11,211.8682
HDFC_Top100_Direct,2024-10-14,212.7061
HDFC_Top100_Direct,2024-10-15,214.6767
HDFC_Top100_Direct,2024-10-16,214.6138
HDFC_Top100_Direct,2024-10-17,212.5836
HDFC_Top100_Direct,2024-10-18,212.4258
HDFC_Top100_Direct,2024-10-21,209.1812
HDFC_Top100_Direct,2024-10-22,204.119
HDFC_Top100_Direct,2024-10-23,204.1604
HDFC_Top100_Direct,2024-10-24,202.3794
HDFC_Top100_Direct,2024-10-25,199.0257
HDFC_Top100_Direct,2024-10-28,198.762
HDFC_Top100_Direct,2024-10-29,199.6621
HDFC_Top100_Direct,2024-10-30,201.17
HDFC_Top100_Direct,2024-10-31,204.7065
HDFC_Top100_Direct,2024-11-04,204.1821
HDFC_Top100_Direct,2024-11-05,203.8845
HDFC_Top100_Direct,2024-11-06,205.5932
HDFC_Top100_Direct,2024-11-07,204.9185
HDFC_Top100_Direct,2024-11-08,202.8558
HDFC_Top100_Direct,2024-11-11,201.1783
HDFC_Top100_Direct,2024-11-12,198.665
HDFC_Top100_Direct,2024-11-13,194.6035
HDFC_Top100_Direct,2024-11-14,195.8825
HDFC_Top100_Direct,2024-11-18,194.9632
HDFC_Top100_Direct,2024-11-19,196.9149
HDFC_Top100_Direct,2024-11-21,196.0174
HDFC_Top100_Direct,2024-11-22,196.9679
HDFC_Top100_Direct,2024-11-25,201.2427
HDFC_Top100_Direct,2024-11-26,201.5981
HDFC_Top100_Direct,2024-11-27,202.2303
HDFC_Top100_Direct,2024-11-28,202.2046
HDFC_Top100_Direct,2024-11-29,203.2298
HDFC_Top100_Direct,2024-11-30,203.2306
HDFC_Top100_Direct,2024-12-02,203.0662
HDFC_Top100_Direct,2024-12-03,205.6142
HDFC_Top100_Direct,2024-12-04,206.8799
HDFC_Top100_Direct,2024-12-05,206.9634
HDFC_Top100_Direct,2024-12-06,207.7793
HDFC_Top100_Direct,2024-12-09,209.1188
HDFC_Top100_Direct,2024-12-10,210.1936
HDFC_Top100_Direct,2024-12-11,210.4887
HDFC_Top100_Direct,2024-12-12,209.1364
HDFC_Top100_Direct,2024-12-13,209.4705
HDFC_Top100_Direct,2024-12-16,209.9361
HDFC_Top100_Direct,2024-12-17,209.149
HDFC_Top100_Direct,2024-12-18,208.9039
HDFC_Top100_Direct,2024-12-19,208.1814
HDFC_Top100_Direct,2024-12-20,203.8639
HDFC_Top100_Direct,2024-12-23,201.8235
HDFC_Top100_Direct,2024-12-24,201.9117
HDFC_Top100_Direct,2024-12-26,201.1712
HDFC_Top100_Direct,2024-12-27,202.2744
HDFC_Top100_Direct,2024-12-30,200.9474
HDFC_Top100_Direct,2024-12-31,202.025
HDFC_Top100_Direct,2025-01-01,204.0133
HDFC_Top100_Direct,2025-01-02,204.958
HDFC_Top100_Direct,2025-01-03,204.7473
HDFC_Top100_Direct,2025-01-06,199.9325
HDFC_Top100_Direct,2025-01-07,201.51
HDFC_Top100_Direct,2025-01-08,199.1083
HDFC_Top100_Direct,2025-01-09,197.3978
HDFC_Top100_Direct,2025-01-10,194.0951
HDFC_Top100_Direct,2025-01-13,187.9708
HDFC_Top100_Direct,2025-01-14,189.4394
HDFC_Top100_Direct,2025-01-15,190.2908
HDFC_Top100_Direct,2025-01-16,191.5461
HDFC_Top100_Direct,2025-01-17,190.5474
HDFC_Top100_Direct,2025-01-20,191.8699
HDFC_Top100_Direct,2025-01-21,189.0302
HDFC_Top100_Direct,2025-01-22,186.9925
HDFC_Top100_Direct,2025-01-23,187.6026
HDFC_Top100_Direct,2025-01-24,184.8357
HDFC_Top100_Direct,2025-01-27,181.1505
HDFC_Top100_Direct,2025-01-28,179.9981
HDFC_Top100_Direct,2025-01-29,184.474
HDFC_Top100_Direct,2025-01-30,183.9481
HDFC_Top100_Direct,2025-01-31,185.8927
HDFC_Top100_Direct,2025-02-03,186.5887
HDFC_Top100_Direct,2025-02-04,187.7402
HDFC_Top100_Direct,2025-02-05,188.0012
HDFC_Top100_Direct,2025-02-06,188.2236
HDFC_Top100_Direct,2025-02-07,186.6001
HDFC_Top100_Direct,2025-02-10,183.4947
HDFC_Top100_Direct,2025-02-11,178.8097
HDFC_Top100_Direct,2025-02-12,178.0673
HDFC_Top100_Direct,2025-02-13,177.2214
HDFC_Top100_Direct,2025-02-14,173.7027
HDFC_Top100_Direct,2025-02-17,172.6017
HDFC_Top100_Direct,2025-02-18,170.6351
HDFC_Top100_Direct,2025-02-19,172.8542
HDFC_Top100_Direct,2025-02-20,173.7251
HDFC_Top100_Direct,2025-02-21,173.194
HDFC_Top100_Direct,2025-02-24,171.0281
HDFC_Top100_Direct,2025-02-25,170.5772
HDFC_Top100_Direct,2025-02-27,169.2761
HDFC_Top100_Direct,2025-02-28,167.2753
HDFC_Top100_Direct,2025-03-03,166.5363
HDFC_Top100_Direct,2025-03-04,167.4144
HDFC_Top100_Direct,2025-03-05,170.5378
HDFC_Top100_Direct,2025-03-06,173.0546
HDFC_Top100_Direct,2025-03-07,173.6464
HDFC_Top100_Direct,2025-03-10,171.8878
HDFC_Top100_Direct,2025-03-11,170.8118
HDFC_Top100_Direct,2025-03-12,170.9127
HDFC_Top100_Direct,2025-03-13,170.4454
HDFC_Top100_Direct,2025-03-17,170.8415
HDFC_Top100_Direct,2025-03-18,174.3065
HDFC_Top100_Direct,2025-03-19,176.277
HDFC_Top100_Direct,2025-03-20,177.2546
HDFC_Top100_Direct,2025-03-21,179.8765
HDFC_Top100_Direct,2025-03-24,181.6626
HDFC_Top100_Direct,2025-03-25,181.1499
HDFC_Top100_Direct,2025-03-26,178.8617
HDFC_Top100_Direct,2025-03-27,178.6535
HDFC_Top100_Direct,2025-03-28,178.5548
HDFC_Top100_Direct,2025-03-31,178.5628
HDFC_Top100_Direct,2025-04-01,178.3073
HDFC_Top100_Direct,2025-04-02,180.504
HDFC_Top100_Direct,2025-04-03,181.0205
HDFC_Top100_Direct,2025-04-04,176.8853
HDFC_Top100_Direct,2025-04-07,171.893
HDFC_Top100_Direct,2025-04-08,174.6198
HDFC_Top100_Direct,2025-04-09,173.4024
HDFC_Top100_Direct,2025-04-11,177.359
HDFC_Top100_Direct,2025-04-15,181.4688
HDFC_Top100_Direct,2025-04-16,182.6797
HDFC_Top100_Direct,2025-04-17,183.494
HDFC_Top100_Direct,2025-04-21,186.1086
HDFC_Top100_Direct,2025-04-22,187.4594
HDFC_Top100_Direct,2025-04-23,187.4918
HDFC_Top100_Direct,2025-04-24,187.4442
HDFC_Top100_Direct,2025-04-25,184.3892
HDFC_Top100_Direct,2025-04-28,184.7984
HDFC_Top100_Direct,2025-04-29,184.4749
HDFC_Top100_Direct,2025-04-30,181.8527
HDFC_Top100_Direct,2025-05-02,181.6763
HDFC_Top100_Direct,2025-05-05,183.67
HDFC_Top100_Direct,2025-05-06,180.8742
HDFC_Top100_Direct,2025-05-07,182.5147
HDFC_Top100_Direct,2025-05-08,181.2148
HDFC_Top100_Direct,2025-05-09,180.3079
HDFC_Top100_Direct,2025-05-12,185.5194
HDFC_Top100_Direct,2025-05-13,185.9199
HDFC_Top100_Direct,2025-05-14,188.3401
HDFC_Top100_Direct,2025-05-15,189.7716
HDFC_Top100_Direct,2025-05-16,190.5543
HDFC_Top100_Direct,2025-05-19,192.0015
HDFC_Top100_Direct,2025-05-20,190.162
HDFC_Top100_Direct,2025-05-21,190.2708
HDFC_Top100_Direct,2025-05-22,190.2297
HDFC_Top100_Direct,2025-05-23,190.7428
HDFC_Top100_Direct,2025-05-26,192.0116
HDFC_Top100_Direct,2025-05-27,191.6915
HDFC_Top100_Direct,2025-05-28,192.2322
HDFC_Top100_Direct,2025-05-29,192.4906
HDFC_Top100_Direct,2025-05-30,192.6772
HDFC_Top100_Direct,2025-05-31,192.6784
HDFC_Top100_Direct,2025-06-02,193.0141
HDFC_Top100_Direct,2025-06-03,193.3558
HDFC_Top100_Direct,2025-06-04,193.3241
HDFC_Top100_Direct,2025-06-05,193.4622
HDFC_Top100_Direct,2025-06-06,194.4367
HDFC_Top100_Direct,2025-06-09,196.2268
HDFC_Top100_Direct,2025-06-10,196.3203
HDFC_Top100_Direct,2025-06-11,196.3155
HDFC_Top100_Direct,2025-06-12,194.3159
HDFC_Top100_Direct,2025-06-13,193.8702
HDFC_Top100_Direct,2025-06-16,194.3117
HDFC_Top100_Direct,2025-06-17,194.4976
HDFC_Top100_Direct,2025-06-18,194.7498
HDFC_Top100_Direct,2025-06-19,192.1535
HDFC_Top100_Direct,2025-06-20,192.5872
HDFC_Top100_Direct,2025-06-23,192.973
HDFC_Top100_Direct,2025-06-24,194.4838
HDFC_Top100_Direct,2025-06-25,197.4405
HDFC_Top100_Direct,2025-06-26,197.2286
HDFC_Top100_Direct,2025-06-27,198.0688
HDFC_Top100_Direct,2025-06-30,200.3178
HDFC_Top100_Direct,2025-07-01,200.2672
HDFC_Top100_Direct,2025-07-02,199.3409
HDFC_Top100_Direct,2025-07-03,200.0186
HDFC_Top100_Direct,2025-07-04,200.6762
HDFC_Top100_Direct,2025-07-07,200.3235
HDFC_Top100_Direct,2025-07-08,200.4396
HDFC_Top100_Direct,2025-07-09,201.3287
HDFC_Top100_Direct,2025-07-10,201.5985
HDFC_Top100_Direct,2025-07-11,201.2606
HDFC_Top100_Direct,2025-07-14,202.0189
HDFC_Top100_Direct,2025-07-15,203.9268
HDFC_Top100_Direct,2025-07-16,203.6835
HDFC_Top100_Direct,2025-07-17,204.9043
HDFC_Top100_Direct,2025-07-18,204.0356
HDFC_Top100_Direct,2025-07-21,203.8028
HDFC_Top100_Direct,2025-07-22,203.3714
HDFC_Top100_Direct,2025-07-23,203.9043
HDFC_Top100_Direct,2025-07-24,202.721
HDFC_Top100_Direct,2025-07-25,199.4349
HDFC_Top100_Direct,2025-07-28,197.4629
HDFC_Top100_Direct,2025-07-29,197.8146
HDFC_Top100_Direct,2025-07-30,198.4508
HDFC_Top100_Direct,2025-07-31,197.489
HDFC_Top100_Direct,2025-08-01,194.9548
HDFC_Top100_Direct,2025-08-04,195.6536
HDFC_Top100_Direct,2025-08-05,194.9731
HDFC_Top100_Direct,2025-08-06,193.5756
HDFC_Top100_Direct,2025-08-07,193.0064
HDFC_Top100_Direct,2025-08-08,191.9575
HDFC_Top100_Direct,2025-08-11,193.1584
HDFC_Top100_Direct,2025-08-12,192.705
HDFC_Top100_Direct,2025-08-13,192.9222
HDFC_Top100_Direct,2025-08-14,193.4131
HDFC_Top100_Direct,2025-08-18,196.9203
HDFC_Top100_Direct,2025-08-19,198.0389
HDFC_Top100_Direct,2025-08-20,198.8477
HDFC_Top100_Direct,2025-08-21,200.0554
HDFC_Top100_Direct,2025-08-22,199.1156
HDFC_Top100_Direct,2025-08-25,198.7805
HDFC_Top100_Direct,2025-08-26,195.5946
HDFC_Top100_Direct,2025-08-28,194.4893
HDFC_Top100_Direct,2025-08-29,193.7532
HDFC_Top100_Direct,2025-08-31,193.7537
HDFC_Top100_Direct,2025-09-01,195.7343
HDFC_Top100_Direct,2025-09-02,196.2367
HDFC_Top100_Direct,2025-09-03,197.6325
HDFC_Top100_Direct,2025-09-04,197.6887
HDFC_Top100_Direct,2025-09-05,197.5939
HDFC_Top100_Direct,2025-09-08,197.448
HDFC_Top100_Direct,2025-09-09,198.2444
HDFC_Top100_Direct,2025-09-10,198.7075
HDFC_Top100_Direct,2025-09-11,198.9835
HDFC_Top100_Direct,2025-09-12,199.0716
HDFC_Top100_Direct,2025-09-15,200.0967
HDFC_Top100_Direct,2025-09-16,201.1795
HDFC_Top100_Direct,2025-09-17,201.82
HDFC_Top100_Direct,2025-09-18,201.5447
HDFC_Top100_Direct,2025-09-19,201.306
HDFC_Top100_Direct,2025-09-22,200.2539
HDFC_Top100_Direct,2025-09-23,199.4573
HDFC_Top100_Direct,2025-09-24,198.8861
HDFC_Top100_Direct,2025-09-25,197.3447
HDFC_Top100_Direct,2025-09-26,194.0973
HDFC_Top100_Direct,2025-09-30,193.8822
HDFC_Top100_Direct,2025-10-01,195.0856
HDFC_Top100_Direct,2025-10-03,196.2965
HDFC_Top100_Direct,2025-10-06,196.5483
HDFC_Top100_Direct,2025-10-07,196.4294
HDFC_Top100_Direct,2025-10-08,195.8587
HDFC_Top100_Direct,2025-10-09,195.0376
HDFC_Top100_Direct,2025-10-10,195.1185
HDFC_Top100_Direct,2025-10-13,194.5364
HDFC_Top100_Direct,2025-10-14,193.3975
HDFC_Top100_Direct,2025-10-15,194.7
HDFC_Top100_Direct,2025-10-16,196.9521
HDFC_Top100_Direct,2025-10-17,197.1075
HDFC_Top100_Direct,2025-10-20,197.5258
HDFC_Top100_Direct,2025-10-23,198.7521
HDFC_Top100_Direct,2025-10-24,198.4115
HDFC_Top100_Direct,2025-10-27,199.7965
HDFC_Top100_Direct,2025-10-28,200.6348
HDFC_Top100_Direct,2025-10-29,201.0375
HDFC_Top100_Direct,2025-10-30,200.5185
HDFC_Top100_Direct,2025-10-31,199.8234
HDFC_Top100_Direct,2025-11-03,200.9709
HDFC_Top100_Direct,2025-11-04,200.4678
HDFC_Top100_Direct,2025-11-06,197.8032
HDFC_Top100_Direct,2025-11-07,197.315
HDFC_Top100_Direct,2025-11-10,196.2451
HDFC_Top100_Direct,2025-11-11,196.4486
HDFC_Top100_Direct,2025-11-12,196.884
HDFC_Top100_Direct,2025-11-13,196.5465
HDFC_Top100_Direct,2025-11-14,197.0676
HDFC_Top100_Direct,2025-11-17,197.9212
HDFC_Top100_Direct,2025-11-18,196.9478
HDFC_Top100_Direct,2025-11-19,196.528
HDFC_Top100_Direct,2025-11-20,196.0732
HDFC_Top100_Direct,2025-11-21,194.2517
HDFC_Top100_Direct,2025-11-24,193.9092
HDFC_Top100_Direct,2025-11-25,194.2042
HDFC_Top100_Direct,2025-11-26,195.8555
HDFC_Top100_Direct,2025-11-27,195.149
HDFC_Top100_Direct,2025-11-28,194.9784
HDFC_Top100_Direct,2025-11-30,194.979
HDFC_Top100_Direct,2025-12-01,195.3626
HDFC_Top100_Direct,2025-12-02,194.4312
HDFC_Top100_Direct,2025-12-03,194.3355
HDFC_Top100_Direct,2025-12-04,193.4599
HDFC_Top100_Direct,2025-12-05,193.1451
HDFC_Top100_Direct,2025-12-08,190.1591
HDFC_Top100_Direct,2025-12-09,191.3573
HDFC_Top100_Direct,2025-12-10,191.2557
HDFC_Top100_Direct,2025-12-11,191.4952
HDFC_Top100_Direct,2025-12-12,192.3377
HDFC_Top100_Direct,2025-12-15,193.1325
HDFC_Top100_Direct,2025-12-16,191.3143
HDFC_Top100_Direct,2025-12-17,190.0621
HDFC_Top100_Direct,2025-12-18,189.542
HDFC_Top100_Direct,2025-12-19,191.1157
HDFC_Top100_Direct,2025-12-22,192.2573
HDFC_Top100_Direct,2025-12-23,193.2652
HDFC_Top100_Direct,2025-12-24,193.2848
HDFC_Top100_Direct,2025-12-26,192.5913
HDFC_Top100_Direct,2025-12-29,192.541
HDFC_Top100_Direct,2025-12-30,191.9501
HDFC_Top100_Direct,2025-12-31,193.7724
HDFC_Top100_Direct,2026-01-01,193.6417
HDFC_Top100_Direct,2026-01-02,194.574
HDFC_Top100_Direct,2026-01-05,194.3786
HDFC_Top100_Direct,2026-01-06,193.7027
HDFC_Top100_Direct,2026-01-07,193.3173
HDFC_Top100_Direct,2026-01-08,190.16
HDFC_Top100_Direct,2026-01-09,187.0971
HDFC_Top100_Direct,2026-01-12,186.1837
HDFC_Top100_Direct,2026-01-13,187.6594
HDFC_Top100_Direct,2026-01-14,187.3375
HDFC_Top100_Direct,2026-01-16,186.9719
HDFC_Top100_Direct,2026-01-19,185.4042
HDFC_Top100_Direct,2026-01-20,181.835
HDFC_Top100_Direct,2026-01-21,181.5325
HDFC_Top100_Direct,2026-01-22,182.7544
HDFC_Top100_Direct,2026-01-23,179.8035
HDFC_Top100_Direct,2026-01-27,179.5515
HDFC_Top100_Direct,2026-01-28,181.0873
HDFC_Top100_Direct,2026-01-29,179.9408
HDFC_Top100_Direct,2026-01-30,183.3021
HDFC_Top100_Direct,2026-01-31,183.301
HDFC_Top100_Direct,2026-02-02,180.5424
HDFC_Top100_Direct,2026-02-03,186.7009
HDFC_Top100_Direct,2026-02-04,186.7774
HDFC_Top100_Direct,2026-02-05,185.6949
HDFC_Top100_Direct,2026-02-06,184.627
HDFC_Top100_Direct,2026-02-09,188.469
HDFC_Top100_Direct,2026-02-10,189.019
HDFC_Top100_Direct,2026-02-11,189.7464
HDFC_Top100_Direct,2026-02-12,189.6029
HDFC_Top100_Direct,2026-02-13,187.236
HDFC_Top100_Direct,2026-02-16,185.8471
HDFC_Top100_Direct,2026-02-17,187.6437
HDFC_Top100_Direct,2026-02-18,188.2128
HDFC_Top100_Direct,2026-02-19,186.6666
HDFC_Top100_Direct,2026-02-20,186.2228
HDFC_Top100_Direct,2026-02-23,187.5721
HDFC_Top100_Direct,2026-02-24,186.208
HDFC_Top100_Direct,2026-02-25,186.0488
HDFC_Top100_Direct,2026-02-26,186.095
HDFC_Top100_Direct,2026-02-27,184.7581
HDFC_Top100_Direct,2026-02-28,184.7579
HDFC_Top100_Direct,2026-03-02,181.3175
HDFC_Top100_Direct,2026-03-04,177.9961
HDFC_Top100_Direct,2026-03-05,179.3239
HDFC_Top100_Direct,2026-03-06,178.9784
HDFC_Top100_Direct,2026-03-09,175.7742
HDFC_Top100_Direct,2026-03-10,178.8419
HDFC_Top100_Direct,2026-03-11,178.3891
HDFC_Top100_Direct,2026-03-12,177.9888
HDFC_Top100_Direct,2026-03-13,173.9754
HDFC_Top100_Direct,2026-03-16,173.8198
HDFC_Top100_Direct,2026-03-17,174.0628
HDFC_Top100_Direct,2026-03-18,177.4908
HDFC_Top100_Direct,2026-03-19,173.9004
HDFC_Top100_Direct,2026-03-20,174.6205
HDFC_Top100_Direct,2026-03-23,169.1091
HDFC_Top100_Direct,2026-03-24,172.0049
HDFC_Top100_Direct,2026-03-25,175.4211
HDFC_Top100_Direct,2026-03-27,172.4739
HDFC_Top100_Direct,2026-03-30,169.3708
HDFC_Top100_Direct,2026-03-31,169.3706
HDFC_Top100_Direct,2026-04-01,173.782
HDFC_Top100_Direct,2026-04-02,173.8471
HDFC_Top100_Direct,2026-04-06,174.9151
HDFC_Top100_Direct,2026-04-07,174.8342
HDFC_Top100_Direct,2026-04-08,180.5783
HDFC_Top100_Direct,2026-04-09,181.2455
HDFC_Top100_Direct,2026-04-10,184.6967
HDFC_Top100_Direct,2026-04-13,184.3491
HDFC_Top100_Direct,2026-04-15,187.2786
HDFC_Top100_Direct,2026-04-16,188.3316
HDFC_Top100_Direct,2026-04-17,190.5242
HDFC_Top100_Direct,2026-04-20,191.0583
HDFC_Top100_Direct,2026-04-21,192.6397
HDFC_Top100_Direct,2026-04-22,194.1928
HDFC_Top100_Direct,2026-04-23,193.0317
HDFC_Top100_Direct,2026-04-24,191.0425
HDFC_Top100_Direct,2026-04-27,193.8317
HDFC_Top100_Direct,2026-04-28,193.4843
HDFC_Top100_Direct,2026-04-29,194.1523
HDFC_Top100_Direct,2026-04-30,193.4131
HDFC_Top100_Direct,2026-05-04,195.4469
HDFC_Top100_Direct,2026-05-05,194.5618
HDFC_Top100_Direct,2026-05-06,196.0036
HDFC_Top100_Direct,2026-05-07,197.4753
HDFC_Top100_Direct,2026-05-08,196.8821
HDFC_Top100_Direct,2026-05-11,195.586
HDFC_Top100_Direct,2026-05-12,190.6152
HDFC_Top100_Direct,2026-05-13,190.464
HDFC_Top100_Direct,2026-05-14,189.9345
HDFC_Top100_Direct,2026-05-15,190.2405
HDFC_Top100_Direct,2026-05-18,187.9126
HDFC_Top100_Direct,2026-05-19,189.5553
HDFC_Top100_Direct,2026-05-20,189.8661
HDFC_Top100_Direct,2026-05-21,191.7575
HDFC_Top100_Direct,2026-05-22,192.1227
HDFC_Top100_Direct,2026-05-25,193.5599
HDFC_Top100_Direct,2026-05-26,194.2258
HDFC_Top100_Direct,2026-05-27,195.0501
HDFC_Top100_Direct,2026-05-29,193.6848
HDFC_Top100_Direct,2026-05-31,193.6836
HDFC_Top100_Direct,2026-06-01,192.3195
HDFC_Top100_Direct,2026-06-02,193.1295
HDFC_Top100_Direct,2026-06-03,194.081
HDFC_Top100_Direct,2026-06-04,194.522
HDFC_Top100_Direct,2026-06-05,194.7547
HDFC_Top100_Direct,2026-06-08,191.9092
HDFC_Top100_Direct,2026-06-09,194.3813
HDFC_Top100_Direct,2026-06-10,193.4371
HDFC_Top100_Direct,2026-06-11,192.6722
HDFC_Top100_Direct,2026-06-12,196.5577
HDFC_Top100_Direct,2026-06-15,198.032
HDFC_Top100_Direct,2026-06-16,198.6152
HDFC_Top100_Direct,2026-06-17,199.8302
HDFC_Top100_Direct,2026-06-18,200.9565
HDFC_Top100_Direct,2026-06-19,202.0761
HDFC_Top100_Direct,2026-06-22,204.1263
HDFC_Top100_Direct,2026-06-23,203.5443
HDFC_Top100_Direct,2026-06-24,205.0655
HDFC_Top100_Direct,2026-06-25,203.9157
HDFC_Top100_Direct,2026-06-29,205.1035
HDFC_Top100_Direct,2026-06-30,206.8355
HDFC_Top100_Direct,2026-07-01,206.4778
HDFC_Top100_Direct,2026-07-02,208.5373
HDFC_Top100_Direct,2026-07-03,207.3461
HDFC_Top100_Direct,2026-07-06,207.3912
HDFC_Top100_Direct,2026-07-07,206.4025
HDFC_Top100_Direct,2026-07-08,204.4035
HDFC_Top100_Direct,2026-07-09,206.8141
HDFC_Top100_Direct,2026-07-10,208.3518
HDFC_Top100_Direct,2026-07-13,208.1546
HDFC_Top100_Direct,2026-07-14,207.3738
HDFC_Top100_Direct,2026-07-15,209.4506
HDFC_Top100_Direct,2026-07-16,208.7624
HDFC_Top100_Direct,2026-07-17,208.9152
HDFC_Top100_Direct,2026-07-20,209.4466
HDFC_Top100_Direct,2026-07-21,210.09
HDFC_Top100_Direct,2026-07-22,207.6748
HDFC_Top100_Direct,2026-07-23,205.5539
HDFC_Top100_Direct,2026-07-24,204.8535
