scheme,date,nav
ICICI_Bluechip,2013-01-02,15.0253
ICICI_Bluechip,2013-01-03,15.0737
ICICI_Bluechip,2013-01-04,15.0702
ICICI_Bluechip,2013-01-07,15.0913
ICICI_Bluechip,2013-01-08,15.1146
ICICI_Bluechip,2013-01-09,15.0517
ICICI_Bluechip,2013-01-10,15.0619
ICICI_Bluechip,2013-01-11,14.8886
ICICI_Bluechip,2013-01-14,14.9767
ICICI_Bluechip,2013-01-15,14.9813
ICICI_Bluechip,2013-01-16,14.8752
ICICI_Bluechip,2013-01-17,14.8214
ICICI_Bluechip,2013-01-18,14.7954
ICICI_Bluechip,2013-01-21,14.7538
ICICI_Bluechip,2013-01-22,14.7072
ICICI_Bluechip,2013-01-23,14.6961
ICICI_Bluechip,2013-01-24,14.6124
ICICI_Bluechip,2013-01-25,14.7695
ICICI_Bluechip,2013-01-28,14.7769
ICICI_Bluechip,2013-01-29,14.7946
ICICI_Bluechip,2013-01-30,14.7706
ICICI_Bluechip,2013-01-31,14.7326
ICICI_Bluechip,2013-02-01,14.6961
ICICI_Bluechip,2013-02-04,14.7065
ICICI_Bluechip,2013-02-05,14.6435
ICICI_Bluechip,2013-02-06,14.7026
ICICI_Bluechip,2013-02-07,14.6822
ICICI_Bluechip,2013-02-08,14.6145
ICICI_Bluechip,2013-02-11,14.5489
ICICI_Bluechip,2013-02-12,14.5546
ICICI_Bluechip,2013-02-13,14.6106
ICICI_Bluechip,2013-02-14,14.5047
ICICI_Bluechip,2013-02-15,14.4666
ICICI_Bluechip,2013-02-18,14.4915
ICICI_Bluechip,2013-02-19,14.6114
ICICI_Bluechip,2013-02-20,14.6159
ICICI_Bluechip,2013-02-21,14.4163
ICICI_Bluechip,2013-02-22,14.4423
ICICI_Bluechip,2013-02-25,14.401
ICICI_Bluechip,2013-02-26,14.2049
ICICI_Bluechip,2013-02-27,14.2879
ICICI_Bluechip,2013-02-28,14.1092
ICICI_Bluechip,2013-03-01,14.238
ICICI_Bluechip,2013-03-04,14.1535
ICICI_Bluechip,2013-03-05,14.3051
ICICI_Bluechip,2013-03-06,14.3669
ICICI_Bluechip,2013-03-07,14.4921
ICICI_Bluechip,2013-03-08,14.6971
ICICI_Bluechip,2013-03-11,14.7309
ICICI_Bluechip,2013-03-12,14.69
ICICI_Bluechip,2013-03-13,14.5384
ICICI_Bluechip,2013-03-14,14.6688
ICICI_Bluechip,2013-03-15,14.6503
ICICI_Bluechip,2013-03-18,14.5716
ICICI_Bluechip,2013-03-19,14.3756
ICICI_Bluechip,2013-03-20,14.1918
ICICI_Bluechip,2013-03-21,14.1287
ICICI_Bluechip,2013-03-22,14.0638
ICICI_Bluechip,2013-03-25,14.0211
ICICI_Bluechip,2013-03-26,14.0945
ICICI_Bluechip,2013-03-28,14.1991
ICICI_Bluechip,2013-04-01,14.231
ICICI_Bluechip,2013-04-02,14.3768
ICICI_Bluechip,2013-04-03,14.2929
ICICI_Bluechip,2013-04-04,14.0601
ICICI_Bluechip,2013-04-05,14.0479
ICICI_Bluechip,2013-04-07,0.0
ICICI_Bluechip,2013-04-08,14.0224
ICICI_Bluechip,2013-04-09,13.9389
ICICI_Bluechip,2013-04-10,13.9826
ICICI_Bluechip,2013-04-11,14.0994
ICICI_Bluechip,2013-04-12,14.0426
ICICI_Bluechip,2013-04-15,13.985
ICICI_Bluechip,2013-04-16,14.2436
ICICI_Bluechip,2013-04-17,14.267
ICICI_Bluechip,2013-04-18,14.4401
ICICI_Bluechip,2013-04-22,14.6259
ICICI_Bluechip,2013-04-23,14.5801
ICICI_Bluechip,2013-04-25,14.7586
ICICI_Bluechip,2013-04-26,14.7058
ICICI_Bluechip,2013-04-29,14.8289
ICICI_Bluechip,2013-04-30,14.8945
ICICI_Bluechip,2013-05-02,15.1032
ICICI_Bluechip,2013-05-03,15.0518
ICICI_Bluechip,2013-05-06,15.1497
ICICI_Bluechip,2013-05-07,15.2704
ICICI_Bluechip,2013-05-08,15.3597
ICICI_Bluechip,2013-05-09,15.2634
ICICI_Bluechip,2013-05-10,15.3358
ICICI_Bluechip,2013-05-13,15.1284
ICICI_Bluechip,2013-05-14,15.2336
ICICI_Bluechip,2013-05-15,15.5617
ICICI_Bluechip,2013-05-16,15.5917
ICICI_Bluechip,2013-05-17,15.6811
ICICI_Bluechip,2013-05-20,15.5963
ICICI_Bluechip,2013-05-21,15.4753
ICICI_Bluechip,2013-05-22,15.4089
ICICI_Bluechip,2013-05-23,15.2194
ICICI_Bluechip,2013-05-24,15.3594
ICICI_Bluechip,2013-05-27,15.508
ICICI_Bluechip,2013-05-28,15.5632
ICICI_Bluechip,2013-05-29,15.5996
ICICI_Bluechip,2013-05-30,15.6604
ICICI_Bluechip,2013-05-31,15.4335
ICICI_Bluechip,2013-06-03,15.2578
ICICI_Bluechip,2013-06-04,15.2142
ICICI_Bluechip,2013-06-05,15.2456
ICICI_Bluechip,2013-06-06,15.2391
ICICI_Bluechip,2013-06-07,15.2015
ICICI_Bluechip,2013-06-10,15.1368
ICICI_Bluechip,2013-06-11,14.9065
ICICI_Bluechip,2013-06-12,14.8527
ICICI_Bluechip,2013-06-13,14.6936
ICICI_Bluechip,2013-06-14,14.8852
ICICI_Bluechip,2013-06-17,14.9613
ICICI_Bluechip,2013-06-18,14.9532
ICICI_Bluechip,2013-06-19,15.0209
ICICI_Bluechip,2013-06-20,14.7284
ICICI_Bluechip,2013-06-21,14.7306
ICICI_Bluechip,2013-06-24,14.4707
ICICI_Bluechip,2013-06-25,14.4939
ICICI_Bluechip,2013-06-26,14.4661
ICICI_Bluechip,2013-06-27,14.5856
ICICI_Bluechip,2013-06-28,14.9322
ICICI_Bluechip,2013-07-01,15.0643
ICICI_Bluechip,2013-07-02,15.0405
ICICI_Bluechip,2013-07-03,14.8874
ICICI_Bluechip,2013-07-04,15.0843
ICICI_Bluechip,2013-07-05,15.1472
ICICI_Bluechip,2013-07-08,15.0639
ICICI_Bluechip,2013-07-09,15.2741
ICICI_Bluechip,2013-07-10,15.273
ICICI_Bluechip,2013-07-11,15.4709
ICICI_Bluechip,2013-07-12,15.6022
ICICI_Bluechip,2013-07-15,15.661
ICICI_Bluechip,2013-07-16,15.4107
ICICI_Bluechip,2013-07-17,15.3551
ICICI_Bluechip,2013-07-18,15.4558
ICICI_Bluechip,2013-07-19,15.3425
ICICI_Bluechip,2013-07-22,15.3172
ICICI_Bluechip,2013-07-23,15.3502
ICICI_Bluechip,2013-07-24,15.1837
ICICI_Bluechip,2013-07-25,15.0259
ICICI_Bluechip,2013-07-26,15.025
ICICI_Bluechip,2013-07-29,14.9306
ICICI_Bluechip,2013-07-30,14.806
ICICI_Bluechip,2013-07-31,14.7567
ICICI_Bluechip,2013-08-01,14.7515
ICICI_Bluechip,2013-08-02,14.6639
ICICI_Bluechip,2013-08-05,14.6753
ICICI_Bluechip,2013-08-06,14.3633
ICICI_Bluechip,2013-08-07,14.2345
ICICI_Bluechip,2013-08-08,14.3894
ICICI_Bluechip,2013-08-12,14.5806
ICICI_Bluechip,2013-08-13,14.7677
ICICI_Bluechip,2013-08-14,14.803
ICICI_Bluechip,2013-08-16,14.3818
ICICI_Bluechip,2013-08-19,14.102
ICICI_Bluechip,2013-08-20,13.9956
ICICI_Bluechip,2013-08-21,13.8249
ICICI_Bluechip,2013-08-22,13.8944
ICICI_Bluechip,2013-08-23,14.066
ICICI_Bluechip,2013-08-26,14.1695
ICICI_Bluechip,2013-08-27,13.7614
ICICI_Bluechip,2013-08-28,13.6318
ICICI_Bluechip,2013-08-29,13.8991
ICICI_Bluechip,2013-08-30,14.1497
ICICI_Bluechip,2013-09-02,14.2365
ICICI_Bluechip,2013-09-03,13.9014
ICICI_Bluechip,2013-09-04,14.0106
ICICI_Bluechip,2013-09-05,14.3129
ICICI_Bluechip,2013-09-06,14.4284
ICICI_Bluechip,2013-09-10,14.8613
ICICI_Bluechip,2013-09-11,14.9458
ICICI_Bluechip,2013-09-12,14.8835
ICICI_Bluechip,2013-09-13,14.8914
ICICI_Bluechip,2013-09-16,14.8783
ICICI_Bluechip,2013-09-17,14.9042
ICICI_Bluechip,2013-09-18,14.9935
ICICI_Bluechip,2013-09-19,15.3962
ICICI_Bluechip,2013-09-20,15.2064
ICICI_Bluechip,2013-09-23,14.9949
ICICI_Bluechip,2013-09-24,15.0645
ICICI_Bluechip,2013-09-25,14.9967
ICICI_Bluechip,2013-09-26,14.9804
ICICI_Bluechip,2013-09-27,14.9389
ICICI_Bluechip,2013-09-30,14.8343
ICICI_Bluechip,2013-10-01,14.9575
ICICI_Bluechip,2013-10-03,15.1916
ICICI_Bluechip,2013-10-04,15.2672
ICICI_Bluechip,2013-10-07,15.3439
ICICI_Bluechip,2013-10-08,15.3869
ICICI_Bluechip,2013-10-09,15.6088
ICICI_Bluechip,2013-10-10,15.6447
ICICI_Bluechip,2013-10-11,15.7415
ICICI_Bluechip,2013-10-14,15.7324
ICICI_Bluechip,2013-10-15,15.679
ICICI_Bluechip,2013-10-17,15.5453
ICICI_Bluechip,2013-10-18,15.7809
ICICI_Bluechip,2013-10-21,15.8894
ICICI_Bluechip,2013-10-22,15.877
ICICI_Bluechip,2013-10-23,15.8677
ICICI_Bluechip,2013-10-24,15.9415
ICICI_Bluechip,2013-10-25,15.8675
ICICI_Bluechip,2013-10-28,15.8194
ICICI_Bluechip,2013-10-29,16.1585
ICICI_Bluechip,2013-10-30,16.1802
ICICI_Bluechip,2013-10-31,16.2736
ICICI_Bluechip,2013-11-01,16.2955
ICICI_Bluechip,2013-11-05,16.2853
ICICI_Bluechip,2013-11-06,16.3485
ICICI_Bluechip,2013-11-07,16.3104
ICICI_Bluechip,2013-11-08,16.2705
ICICI_Bluechip,2013-11-11,16.24
ICICI_Bluechip,2013-11-12,16.237
ICICI_Bluechip,2013-11-13,16.17
ICICI_Bluechip,2013-11-14,16.2613
ICICI_Bluechip,2013-11-18,16.5226
ICICI_Bluechip,2013-11-19,16.5334
ICICI_Bluechip,2013-11-20,16.444
ICICI_Bluechip,2013-11-21,16.1933
ICICI_Bluechip,2013-11-22,16.2897
ICICI_Bluechip,2013-11-25,16.5718
ICICI_Bluechip,2013-11-26,16.6084
ICICI_Bluechip,2013-11-27,16.6986
ICICI_Bluechip,2013-11-28,16.7602
ICICI_Bluechip,2013-11-29,16.8709
ICICI_Bluechip,2013-12-02,17.0194
ICICI_Bluechip,2013-12-03,17.0192
ICICI_Bluechip,2013-12-04,16.8619
ICICI_Bluechip,2013-12-05,16.979
ICICI_Bluechip,2013-12-06,17.0086
ICICI_Bluechip,2013-12-09,17.1451
ICICI_Bluechip,2013-12-10,17.1309
ICICI_Bluechip,2013-12-11,17.1614
ICICI_Bluechip,2013-12-12,17.1221
ICICI_Bluechip,2013-12-13,16.9744
ICICI_Bluechip,2013-12-16,16.9674
ICICI_Bluechip,2013-12-17,16.9528
ICICI_Bluechip,2013-12-18,17.1442
ICICI_Bluechip,2013-12-19,17.1041
ICICI_Bluechip,2013-12-20,17.3408
ICICI_Bluechip,2013-12-23,17.3223
ICICI_Bluechip,2013-12-24,17.2848
ICICI_Bluechip,2013-12-26,17.2918
ICICI_Bluechip,2013-12-27,17.4295
ICICI_Bluechip,2013-12-30,17.3906
ICICI_Bluechip,2013-12-31,17.4279
ICICI_Bluechip,2014-01-01,17.4606
ICICI_Bluechip,2014-01-02,17.2465
ICICI_Bluechip,2014-01-03,17.3062
ICICI_Bluechip,2014-01-06,17.3726
ICICI_Bluechip,2014-01-07,17.3428
ICICI_Bluechip,2014-01-08,17.4401
ICICI_Bluechip,2014-01-09,17.3968
ICICI_Bluechip,2014-01-10,17.347
ICICI_Bluechip,2014-01-13,17.4915
ICICI_Bluechip,2014-01-14,17.4504
ICICI_Bluechip,2014-01-15,17.6156
ICICI_Bluechip,2014-01-16,17.5559
ICICI_Bluechip,2014-01-17,17.2904
ICICI_Bluechip,2014-01-20,17.432
ICICI_Bluechip,2014-01-21,17.4136
ICICI_Bluechip,2014-01-22,17.4253
ICICI_Bluechip,2014-01-23,17.459
ICICI_Bluechip,2014-01-24,17.2293
ICICI_Bluechip,2014-01-27,16.949
ICICI_Bluechip,2014-01-28,16.9029
ICICI_Bluechip,2014-01-29,16.9315
ICICI_Bluechip,2014-01-30,16.8303
ICICI_Bluechip,2014-01-31,16.9655
ICICI_Bluechip,2014-02-03,16.8643
ICICI_Bluechip,2014-02-04,16.886
ICICI_Bluechip,2014-02-05,16.9623
ICICI_Bluechip,2014-02-06,16.9746
ICICI_Bluechip,2014-02-07,17.0349
ICICI_Bluechip,2014-02-10,17.0094
ICICI_Bluechip,2014-02-11,17.0838
ICICI_Bluechip,2014-02-12,17.1504
ICICI_Bluechip,2014-02-13,16.9622
ICICI_Bluechip,2014-02-14,17.0933
ICICI_Bluechip,2014-02-17,17.1245
ICICI_Bluechip,2014-02-18,17.3448
ICICI_Bluechip,2014-02-19,17.4558
ICICI_Bluechip,2014-02-20,17.3602
ICICI_Bluechip,2014-02-21,17.534
ICICI_Bluechip,2014-02-24,17.6829
ICICI_Bluechip,2014-02-25,17.7507
ICICI_Bluechip,2014-02-26,17.8435
ICICI_Bluechip,2014-02-28,17.9986
ICICI_Bluechip,2014-03-03,17.9248
ICICI_Bluechip,2014-03-04,18.0637
ICICI_Bluechip,2014-03-05,18.1757
ICICI_Bluechip,2014-03-06,18.338
ICICI_Bluechip,2014-03-07,18.4912
ICICI_Bluechip,2014-03-10,18.5498
ICICI_Bluechip,2014-03-11,18.5457
ICICI_Bluechip,2014-03-12,18.6535
ICICI_Bluechip,2014-03-13,18.6354
ICICI_Bluechip,2014-03-14,18.6636
ICICI_Bluechip,2014-03-18,18.7905
ICICI_Bluechip,2014-03-19,18.8426
ICICI_Bluechip,2014-03-20,18.8054
ICICI_Bluechip,2014-03-21,18.8267
ICICI_Bluechip,2014-03-24,19.0559
ICICI_Bluechip,2014-03-25,19.1559
ICICI_Bluechip,2014-03-26,19.1321
ICICI_Bluechip,2014-03-27,19.1714
ICICI_Bluechip,2014-03-28,19.3006
ICICI_Bluechip,2014-03-31,19.4192
ICICI_Bluechip,2014-04-01,19.2809
ICICI_Bluechip,2014-04-02,19.3511
ICICI_Bluechip,2014-04-03,19.3331
ICICI_Bluechip,2014-04-04,19.2274
ICICI_Bluechip,2014-04-07,19.227
ICICI_Bluechip,2014-04-09,19.4787
ICICI_Bluechip,2014-04-10,19.5023
ICICI_Bluechip,2014-04-11,19.4665
ICICI_Bluechip,2014-04-15,19.4304
ICICI_Bluechip,2014-04-16,19.2266
ICICI_Bluechip,2014-04-17,19.4383
ICICI_Bluechip,2014-04-21,19.5891
ICICI_Bluechip,2014-04-22,19.6741
ICICI_Bluechip,2014-04-23,19.8523
ICICI_Bluechip,2014-04-25,19.6863
ICICI_Bluechip,2014-04-28,19.7565
ICICI_Bluechip,2014-04-29,19.6588
ICICI_Bluechip,2014-04-30,19.5769
ICICI_Bluechip,2014-05-02,19.6001
ICICI_Bluechip,2014-05-05,19.615
ICICI_Bluechip,2014-05-06,19.6623
ICICI_Bluechip,2014-05-07,19.6396
ICICI_Bluechip,2014-05-08,19.706
ICICI_Bluechip,2014-05-09,20.0994
ICICI_Bluechip,2014-05-12,20.4204
ICICI_Bluechip,2014-05-13,20.553
ICICI_Bluechip,2014-05-14,20.4753
ICICI_Bluechip,2014-05-15,20.4944
ICICI_Bluechip,2014-05-16,20.6892
ICICI_Bluechip,2014-05-19,20.9973
ICICI_Bluechip,2014-05-20,21.1322
ICICI_Bluechip,2014-05-21,21.2438
ICICI_Bluechip,2014-05-22,21.4746
ICICI_Bluechip,2014-05-23,21.6334
ICICI_Bluechip,2014-05-26,21.5244
ICICI_Bluechip,2014-05-27,21.5816
ICICI_Bluechip,2014-05-28,21.5662
ICICI_Bluechip,2014-05-29,21.443
ICICI_Bluechip,2014-05-30,21.5867
ICICI_Bluechip,2014-06-02,21.9387
ICICI_Bluechip,2014-06-03,22.1067
ICICI_Bluechip,2014-06-04,22.2
ICICI_Bluechip,2014-06-05,22.3183
ICICI_Bluechip,2014-06-06,22.532
ICICI_Bluechip,2014-06-09,22.7465
ICICI_Bluechip,2014-06-10,22.9365
ICICI_Bluechip,2014-06-11,22.7528
ICICI_Bluechip,2014-06-12,22.9122
ICICI_Bluechip,2014-06-13,22.6572
ICICI_Bluechip,2014-06-16,22.6519
ICICI_Bluechip,2014-06-17,22.962
ICICI_Bluechip,2014-06-18,22.9573
ICICI_Bluechip,2014-06-19,22.8413
ICICI_Bluechip,2014-06-20,22.712
ICICI_Bluechip,2014-06-23,22.735
ICICI_Bluechip,2014-06-24,22.868
ICICI_Bluechip,2014-06-25,22.8644
ICICI_Bluechip,2014-06-26,22.8592
ICICI_Bluechip,2014-06-27,23.056
ICICI_Bluechip,2014-06-30,23.4051
ICICI_Bluechip,2014-07-01,23.6544
ICICI_Bluechip,2014-07-02,24.016
ICICI_Bluechip,2014-07-03,24.1979
ICICI_Bluechip,2014-07-04,24.2967
ICICI_Bluechip,2014-07-07,24.275
ICICI_Bluechip,2014-07-08,23.7186
ICICI_Bluechip,2014-07-09,23.4313
ICICI_Bluechip,2014-07-10,23.5146
ICICI_Bluechip,2014-07-11,23.2346
ICICI_Bluechip,2014-07-14,23.2051
ICICI_Bluechip,2014-07-15,23.6
ICICI_Bluechip,2014-07-16,23.901
ICICI_Bluechip,2014-07-17,24.2263
ICICI_Bluechip,2014-07-18,24.2664
ICICI_Bluechip,2014-07-21,24.3276
ICICI_Bluechip,2014-07-22,24.4144
ICICI_Bluechip,2014-07-23,24.3382
ICICI_Bluechip,2014-07-24,24.3907
ICICI_Bluechip,2014-07-25,24.4078
ICICI_Bluechip,2014-07-28,24.379
ICICI_Bluechip,2014-07-30,24.4922
ICICI_Bluechip,2014-07-31,24.3442
ICICI_Bluechip,2014-08-01,23.9306
ICICI_Bluechip,2014-08-04,24.1119
ICICI_Bluechip,2014-08-05,24.3007
ICICI_Bluechip,2014-08-06,24.2479
ICICI_Bluechip,2014-08-07,24.1782
ICICI_Bluechip,2014-08-08,23.8891
ICICI_Bluechip,2014-08-11,24.0808
ICICI_Bluechip,2014-08-12,24.3387
ICICI_Bluechip,2014-08-13,24.3864
ICICI_Bluechip,2014-08-14,24.5198
ICICI_Bluechip,2014-08-18,24.7553
ICICI_Bluechip,2014-08-19,25.0309
ICICI_Bluechip,2014-08-20,25.1107
ICICI_Bluechip,2014-08-21,25.2649
ICICI_Bluechip,2014-08-22,25.3697
ICICI_Bluechip,2014-08-25,25.5033
ICICI_Bluechip,2014-08-26,25.4898
ICICI_Bluechip,2014-08-27,25.6423
ICICI_Bluechip,2014-08-28,25.6427
ICICI_Bluechip,2014-09-01,25.8567
ICICI_Bluechip,2014-09-02,26.1127
ICICI_Bluechip,2014-09-03,26.2996
ICICI_Bluechip,2014-09-04,26.3266
ICICI_Bluechip,2014-09-05,26.3654
ICICI_Bluechip,2014-09-08,26.6756
ICICI_Bluechip,2014-09-09,26.7198
ICICI_Bluechip,2014-09-10,26.6955
ICICI_Bluechip,2014-09-11,26.9513
ICICI_Bluechip,2014-09-12,27.0259
ICICI_Bluechip,2014-09-15,26.9339
ICICI_Bluechip,2014-09-16,26.2875
ICICI_Bluechip,2014-09-17,26.304
ICICI_Bluechip,2014-09-18,26.7414
ICICI_Bluechip,2014-09-19,26.9457
ICICI_Bluechip,2014-09-22,26.8572
ICICI_Bluechip,2014-09-23,26.4886
ICICI_Bluechip,2014-09-24,26.3201
ICICI_Bluechip,2014-09-25,26.0441
ICICI_Bluechip,2014-09-26,26.1973
ICICI_Bluechip,2014-09-29,26.3527
ICICI_Bluechip,2014-09-30,26.5027
ICICI_Bluechip,2014-10-01,26.4262
ICICI_Bluechip,2014-10-07,26.1357
ICICI_Bluechip,2014-10-08,26.0109
ICICI_Bluechip,2014-10-09,26.3647
ICICI_Bluechip,2014-10-10,25.9356
ICICI_Bluechip,2014-10-13,26.1395
ICICI_Bluechip,2014-10-14,26.0296
ICICI_Bluechip,2014-10-16,25.544
ICICI_Bluechip,2014-10-17,25.5407
ICICI_Bluechip,2014-10-20,25.9058
ICICI_Bluechip,2014-10-21,26.2067
ICICI_Bluechip,2014-10-22,26.5601
ICICI_Bluechip,2014-10-27,26.8094
ICICI_Bluechip,2014-10-28,26.971
ICICI_Bluechip,2014-10-29,27.0544
ICICI_Bluechip,2014-10-30,27.2917
ICICI_Bluechip,2014-10-31,27.7075
ICICI_Bluechip,2014-11-03,27.7722
ICICI_Bluechip,2014-11-05,27.8847
ICICI_Bluechip,2014-11-07,28.0049
ICICI_Bluechip,2014-11-10,28.0042
ICICI_Bluechip,2014-11-11,28.2391
ICICI_Bluechip,2014-11-12,28.3193
ICICI_Bluechip,2014-11-13,28.3492
ICICI_Bluechip,2014-11-14,28.4932
ICICI_Bluechip,2014-11-17,28.6139
ICICI_Bluechip,2014-11-18,28.71
ICICI_Bluechip,2014-11-19,28.7373
ICICI_Bluechip,2014-11-20,28.8198
ICICI_Bluechip,2014-11-21,28.9801
ICICI_Bluechip,2014-11-24,29.0243
ICICI_Bluechip,2014-11-25,28.7035
ICICI_Bluechip,2014-11-26,28.7161
ICICI_Bluechip,2014-11-27,28.7032
ICICI_Bluechip,2014-11-28,29.0311
ICICI_Bluechip,2014-12-01,28.983
ICICI_Bluechip,2014-12-02,29.0315
ICICI_Bluechip,2014-12-03,29.2435
ICICI_Bluechip,2014-12-04,29.3911
ICICI_Bluechip,2014-12-05,29.3389
ICICI_Bluechip,2014-12-08,29.1879
ICICI_Bluechip,2014-12-09,28.8865
ICICI_Bluechip,2014-12-10,28.8866
ICICI_Bluechip,2014-12-11,28.9082
ICICI_Bluechip,2014-12-12,28.6958
ICICI_Bluechip,2014-12-15,28.6602
ICICI_Bluechip,2014-12-16,28.1571
ICICI_Bluechip,2014-12-17,27.9985
ICICI_Bluechip,2014-12-18,28.6529
ICICI_Bluechip,2014-12-19,28.794
ICICI_Bluechip,2014-12-22,29.0177
ICICI_Bluechip,2014-12-23,28.9268
ICICI_Bluechip,2014-12-24,28.7047
ICICI_Bluechip,2014-12-26,28.8359
ICICI_Bluechip,2014-12-29,29.0845
ICICI_Bluechip,2014-12-30,29.1987
ICICI_Bluechip,2014-12-31,29.4276
ICICI_Bluechip,2015-01-01,29.5761
ICICI_Bluechip,2015-01-02,29.9872
ICICI_Bluechip,2015-01-05,29.9841
ICICI_Bluechip,2015-01-06,29.2677
ICICI_Bluechip,2015-01-07,29.2748
ICICI_Bluechip,2015-01-08,29.7028
ICICI_Bluechip,2015-01-09,29.8206
ICICI_Bluechip,2015-01-12,30.0342
ICICI_Bluechip,2015-01-13,30.0581
ICICI_Bluechip,2015-01-14,30.1817
ICICI_Bluechip,2015-01-15,30.6178
ICICI_Bluechip,2015-01-16,30.8147
ICICI_Bluechip,2015-01-19,30.9549
ICICI_Bluechip,2015-01-20,31.0859
ICICI_Bluechip,2015-01-21,31.1253
ICICI_Bluechip,2015-01-22,31.1537
ICICI_Bluechip,2015-01-23,31.2909
ICICI_Bluechip,2015-01-27,31.7096
ICICI_Bluechip,2015-01-28,31.6708
ICICI_Bluechip,2015-01-29,31.5677
ICICI_Bluechip,2015-01-30,31.2553
ICICI_Bluechip,2015-02-02,31.3209
ICICI_Bluechip,2015-02-03,31.1223
ICICI_Bluechip,2015-02-04,30.8819
ICICI_Bluechip,2015-02-05,30.8805
ICICI_Bluechip,2015-02-06,30.5713
ICICI_Bluechip,2015-02-09,30.2365
ICICI_Bluechip,2015-02-10,30.3335
ICICI_Bluechip,2015-02-11,30.7771
ICICI_Bluechip,2015-02-12,31.1078
ICICI_Bluechip,2015-02-13,31.418
ICICI_Bluechip,2015-02-16,31.4458
ICICI_Bluechip,2015-02-18,31.8978
ICICI_Bluechip,2015-02-19,31.9522
ICICI_Bluechip,2015-02-20,31.7886
ICICI_Bluechip,2015-02-23,31.6449
ICICI_Bluechip,2015-02-24,31.6726
ICICI_Bluechip,2015-02-25,31.5283
ICICI_Bluechip,2015-02-26,31.1419
ICICI_Bluechip,2015-02-27,31.61
ICICI_Bluechip,2015-03-02,32.332
ICICI_Bluechip,2015-03-03,32.7511
ICICI_Bluechip,2015-03-04,32.6889
ICICI_Bluechip,2015-03-05,33.0907
ICICI_Bluechip,2015-03-09,32.6533
ICICI_Bluechip,2015-03-10,32.4392
ICICI_Bluechip,2015-03-11,32.4226
ICICI_Bluechip,2015-03-12,32.6953
ICICI_Bluechip,2015-03-13,32.3025
ICICI_Bluechip,2015-03-16,32.2082
ICICI_Bluechip,2015-03-17,32.5896
ICICI_Bluechip,2015-03-18,32.5553
ICICI_Bluechip,2015-03-19,32.4866
ICICI_Bluechip,2015-03-20,32.3691
ICICI_Bluechip,2015-03-23,32.2228
ICICI_Bluechip,2015-03-24,32.1688
ICICI_Bluechip,2015-03-25,31.8863
ICICI_Bluechip,2015-03-26,31.3885
ICICI_Bluechip,2015-03-27,31.4144
ICICI_Bluechip,2015-03-30,31.906
ICICI_Bluechip,2015-03-31,31.9463
ICICI_Bluechip,2015-04-01,32.3301
ICICI_Bluechip,2015-04-06,32.6869
ICICI_Bluechip,2015-04-07,32.6857
ICICI_Bluechip,2015-04-08,32.9273
ICICI_Bluechip,2015-04-09,33.1982
ICICI_Bluechip,2015-04-10,33.136
ICICI_Bluechip,2015-04-13,33.2823
ICICI_Bluechip,2015-04-15,33.0515
ICICI_Bluechip,2015-04-16,32.8264
ICICI_Bluechip,2015-04-17,32.3058
ICICI_Bluechip,2015-04-20,31.8738
ICICI_Bluechip,2015-04-21,31.5093
ICICI_Bluechip,2015-04-22,31.5142
ICICI_Bluechip,2015-04-23,31.4737
ICICI_Bluechip,2015-04-24,30.8648
ICICI_Bluechip,2015-04-27,30.3803
ICICI_Bluechip,2015-04-28,30.6372
ICICI_Bluechip,2015-04-29,30.829
ICICI_Bluechip,2015-04-30,30.8966
ICICI_Bluechip,2015-05-04,31.2359
ICICI_Bluechip,2015-05-05,31.3228
ICICI_Bluechip,2015-05-06,30.494
ICICI_Bluechip,2015-05-07,30.1706
ICICI_Bluechip,2015-05-08,30.7078
ICICI_Bluechip,2015-05-11,31.2258
ICICI_Bluechip,2015-05-12,30.732
ICICI_Bluechip,2015-05-13,31.1284
ICICI_Bluechip,2015-05-14,31.1969
ICICI_Bluechip,2015-05-15,31.4703
ICICI_Bluechip,2015-05-18,31.7115
ICICI_Bluechip,2015-05-19,31.6987
ICICI_Bluechip,2015-05-20,31.865
ICICI_Bluechip,2015-05-21,31.9179
ICICI_Bluechip,2015-05-22,32.0902
ICICI_Bluechip,2015-05-25,31.9221
ICICI_Bluechip,2015-05-26,31.7168
ICICI_Bluechip,2015-05-27,31.4793
ICICI_Bluechip,2015-05-28,31.3662
ICICI_Bluechip,2015-05-29,31.8416
ICICI_Bluechip,2015-06-01,31.6586
ICICI_Bluechip,2015-06-02,31.1166
ICICI_Bluechip,2015-06-03,30.7576
ICICI_Bluechip,2015-06-04,30.815
ICICI_Bluechip,2015-06-05,30.7798
ICICI_Bluechip,2015-06-08,30.4278
ICICI_Bluechip,2015-06-09,30.29
ICICI_Bluechip,2015-06-10,30.6897
ICICI_Bluechip,2015-06-11,30.2249
ICICI_Bluechip,2015-06-12,30.0924
ICICI_Bluechip,2015-06-15,30.2065
ICICI_Bluechip,2015-06-16,30.2884
ICICI_Bluechip,2015-06-17,30.5807
ICICI_Bluechip,2015-06-18,31.0028
ICICI_Bluechip,2015-06-19,31.1488
ICICI_Bluechip,2015-06-22,31.5446
ICICI_Bluechip,2015-06-23,31.6685
ICICI_Bluechip,2015-06-24,31.6101
ICICI_Bluechip,2015-06-25,31.7998
ICICI_Bluechip,2015-06-26,31.7973
ICICI_Bluechip,2015-06-29,31.4268
ICICI_Bluechip,2015-06-30,31.6504
ICICI_Bluechip,2015-07-01,31.9387
ICICI_Bluechip,2015-07-02,32.0166
ICICI_Bluechip,2015-07-03,32.0196
ICICI_Bluechip,2015-07-06,32.1055
ICICI_Bluechip,2015-07-07,32.1924
ICICI_Bluechip,2015-07-08,31.7819
ICICI_Bluechip,2015-07-09,31.6663
ICICI_Bluechip,2015-07-10,31.8118
ICICI_Bluechip,2015-07-13,32.1829
ICICI_Bluechip,2015-07-14,32.1318
ICICI_Bluechip,2015-07-15,32.3862
ICICI_Bluechip,2015-07-16,32.751
ICICI_Bluechip,2015-07-17,32.7746
ICICI_Bluechip,2015-07-20,32.8068
ICICI_Bluechip,2015-07-21,32.3062
ICICI_Bluechip,2015-07-22,32.4932
ICICI_Bluechip,2015-07-23,32.3357
ICICI_Bluechip,2015-07-24,32.3235
ICICI_Bluechip,2015-07-27,31.928
ICICI_Bluechip,2015-07-28,31.9281
ICICI_Bluechip,2015-07-29,32.2103
ICICI_Bluechip,2015-07-30,32.3404
ICICI_Bluechip,2015-07-31,32.467
ICICI_Bluechip,2015-08-03,32.4681
ICICI_Bluechip,2015-08-04,32.8123
ICICI_Bluechip,2015-08-05,33.2522
ICICI_Bluechip,2015-08-06,33.3743
ICICI_Bluechip,2015-08-07,33.4199
ICICI_Bluechip,2015-08-10,33.3264
ICICI_Bluechip,2015-08-11,33.2314
ICICI_Bluechip,2015-08-12,32.8422
ICICI_Bluechip,2015-08-13,32.8864
ICICI_Bluechip,2015-08-14,33.5072
ICICI_Bluechip,2015-08-17,33.5512
ICICI_Bluechip,2015-08-18,33.646
ICICI_Bluechip,2015-08-19,33.9152
ICICI_Bluechip,2015-08-20,33.4963
ICICI_Bluechip,2015-08-21,33.2579
ICICI_Bluechip,2015-08-24,31.2214
ICICI_Bluechip,2015-08-25,31.3289
ICICI_Bluechip,2015-08-26,31.0287
ICICI_Bluechip,2015-08-27,31.8271
ICICI_Bluechip,2015-08-28,31.8836
ICICI_Bluechip,2015-08-31,31.7904
ICICI_Bluechip,2015-09-01,31.1741
ICICI_Bluechip,2015-09-02,31.1915
ICICI_Bluechip,2015-09-03,31.5328
ICICI_Bluechip,2015-09-04,30.918
ICICI_Bluechip,2015-09-07,30.5063
ICICI_Bluechip,2015-09-08,30.6846
ICICI_Bluechip,2015-09-09,31.1632
ICICI_Bluechip,2015-09-10,31.1556
ICICI_Bluechip,2015-09-11,31.1477
ICICI_Bluechip,2015-09-14,31.3515
ICICI_Bluechip,2015-09-15,31.2733
ICICI_Bluechip,2015-09-16,31.3223
ICICI_Bluechip,2015-09-18,31.7732
ICICI_Bluechip,2015-09-21,31.8538
ICICI_Bluechip,2015-09-22,31.3324
ICICI_Bluechip,2015-09-23,31.4679
ICICI_Bluechip,2015-09-24,31.6422
ICICI_Bluechip,2015-09-28,31.4118
ICICI_Bluechip,2015-09-29,31.5043
ICICI_Bluechip,2015-09-30,31.6634
ICICI_Bluechip,2015-10-01,31.6707
ICICI_Bluechip,2015-10-05,32.0854
ICICI_Bluechip,2015-10-06,32.0778
ICICI_Bluechip,2015-10-07,32.1395
ICICI_Bluechip,2015-10-08,32.0108
ICICI_Bluechip,2015-10-09,32.0619
ICICI_Bluechip,2015-10-12,32.0015
ICICI_Bluechip,2015-10-13,31.9182
ICICI_Bluechip,2015-10-14,31.9508
ICICI_Bluechip,2015-10-15,32.018
ICICI_Bluechip,2015-10-16,32.1644
ICICI_Bluechip,2015-10-19,32.2097
ICICI_Bluechip,2015-10-20,32.394
ICICI_Bluechip,2015-10-21,32.2841
ICICI_Bluechip,2015-10-23,32.3006
ICICI_Bluechip,2015-10-26,32.197
ICICI_Bluechip,2015-10-27,32.2086
ICICI_Bluechip,2015-10-28,32.1179
ICICI_Bluechip,2015-10-29,31.9364
ICICI_Bluechip,2015-10-30,32.0137
ICICI_Bluechip,2015-11-02,31.8613
ICICI_Bluechip,2015-11-03,31.877
ICICI_Bluechip,2015-11-04,31.7151
ICICI_Bluechip,2015-11-05,31.2215
ICICI_Bluechip,2015-11-06,31.0676
ICICI_Bluechip,2015-11-09,30.9535
ICICI_Bluechip,2015-11-10,30.5802
ICICI_Bluechip,2015-11-13,30.5901
ICICI_Bluechip,2015-11-16,30.5676
ICICI_Bluechip,2015-11-17,30.7813
ICICI_Bluechip,2015-11-18,30.6824
ICICI_Bluechip,2015-11-19,31.1586
ICICI_Bluechip,2015-11-20,31.2654
ICICI_Bluechip,2015-11-23,31.1561
ICICI_Bluechip,2015-11-24,31.0188
ICICI_Bluechip,2015-11-26,31.0137
ICICI_Bluechip,2015-11-27,31.2358
ICICI_Bluechip,2015-11-30,31.1953
ICICI_Bluechip,2015-12-01,31.2789
ICICI_Bluechip,2015-12-02,31.1498
ICICI_Bluechip,2015-12-03,30.986
ICICI_Bluechip,2015-12-04,30.7805
ICICI_Bluechip,2015-12-07,30.8644
ICICI_Bluechip,2015-12-08,30.6797
ICICI_Bluechip,2015-12-09,30.3766
ICICI_Bluechip,2015-12-10,30.5499
ICICI_Bluechip,2015-12-11,30.2825
ICICI_Bluechip,2015-12-14,30.4039
ICICI_Bluechip,2015-12-15,30.6459
ICICI_Bluechip,2015-12-16,30.8023
ICICI_Bluechip,2015-12-17,31.265
ICICI_Bluechip,2015-12-18,31.0875
ICICI_Bluechip,2015-12-21,31.0622
ICICI_Bluechip,2015-12-22,31.0584
ICICI_Bluechip,2015-12-23,31.2991
ICICI_Bluechip,2015-12-24,31.3257
ICICI_Bluechip,2015-12-28,31.523
ICICI_Bluechip,2015-12-29,31.6454
ICICI_Bluechip,2015-12-30,31.5605
ICICI_Bluechip,2015-12-31,31.7424
ICICI_Bluechip,2016-01-01,31.9147
ICICI_Bluechip,2016-01-04,31.4808
ICICI_Bluechip,2016-01-05,31.4237
ICICI_Bluechip,2016-01-06,31.4329
ICICI_Bluechip,2016-01-07,30.9356
ICICI_Bluechip,2016-01-08,31.11
ICICI_Bluechip,2016-01-11,30.8995
ICICI_Bluechip,2016-01-12,30.6696
ICICI_Bluechip,2016-01-13,30.6532
ICICI_Bluechip,2016-01-14,30.4179
ICICI_Bluechip,2016-01-15,30.0061
ICICI_Bluechip,2016-01-18,29.358
ICICI_Bluechip,2016-01-19,29.6193
ICICI_Bluechip,2016-01-20,29.3219
ICICI_Bluechip,2016-01-21,29.2132
ICICI_Bluechip,2016-01-22,29.7542
ICICI_Bluechip,2016-01-25,29.9893
ICICI_Bluechip,2016-01-27,30.1079
ICICI_Bluechip,2016-01-28,29.9832
ICICI_Bluechip,2016-01-29,30.6268
ICICI_Bluechip,2016-02-01,30.6624
ICICI_Bluechip,2016-02-02,30.2285
ICICI_Bluechip,2016-02-03,29.9633
ICICI_Bluechip,2016-02-04,30.15
ICICI_Bluechip,2016-02-05,30.5141
ICICI_Bluechip,2016-02-08,30.2905
ICICI_Bluechip,2016-02-09,29.8739
ICICI_Bluechip,2016-02-10,29.6319
ICICI_Bluechip,2016-02-11,28.6778
ICICI_Bluechip,2016-02-12,28.5467
ICICI_Bluechip,2016-02-15,29.0124
ICICI_Bluechip,2016-02-16,28.5158
ICICI_Bluechip,2016-02-17,28.6926
ICICI_Bluechip,2016-02-18,28.8928
ICICI_Bluechip,2016-02-19,28.8974
ICICI_Bluechip,2016-02-22,29.0003
ICICI_Bluechip,2016-02-23,28.6382
ICICI_Bluechip,2016-02-24,28.2435
ICICI_Bluechip,2016-02-25,28.0521
ICICI_Bluechip,2016-02-26,28.0774
ICICI_Bluechip,2016-02-29,28.1303
ICICI_Bluechip,2016-03-01,28.7737
ICICI_Bluechip,2016-03-02,29.2089
ICICI_Bluechip,2016-03-03,29.5679
ICICI_Bluechip,2016-03-04,29.5697
ICICI_Bluechip,2016-03-08,29.5397
ICICI_Bluechip,2016-03-09,29.5713
ICICI_Bluechip,2016-03-10,29.5812
ICICI_Bluechip,2016-03-11,29.6476
ICICI_Bluechip,2016-03-14,29.7399
ICICI_Bluechip,2016-03-15,29.3713
ICICI_Bluechip,2016-03-16,29.3725
ICICI_Bluechip,2016-03-17,29.4553
ICICI_Bluechip,2016-03-18,29.6795
ICICI_Bluechip,2016-03-21,30.1955
ICICI_Bluechip,2016-03-22,30.256
ICICI_Bluechip,2016-03-23,30.2639
ICICI_Bluechip,2016-03-28,29.9016
ICICI_Bluechip,2016-03-29,29.858
ICICI_Bluechip,2016-03-30,30.2039
ICICI_Bluechip,2016-03-31,30.3426
ICICI_Bluechip,2016-04-01,30.3141
ICICI_Bluechip,2016-04-04,30.3538
ICICI_Bluechip,2016-04-05,29.9676
ICICI_Bluechip,2016-04-06,30.0595
ICICI_Bluechip,2016-04-07,29.8722
ICICI_Bluechip,2016-04-08,29.9438
ICICI_Bluechip,2016-04-11,30.2098
ICICI_Bluechip,2016-04-12,30.4671
ICICI_Bluechip,2016-04-13,30.947
ICICI_Bluechip,2016-04-18,31.1123
ICICI_Bluechip,2016-04-20,31.1638
ICICI_Bluechip,2016-04-21,31.058
ICICI_Bluechip,2016-04-22,30.9638
ICICI_Bluechip,2016-04-25,30.7373
ICICI_Bluechip,2016-04-26,31.1508
ICICI_Bluechip,2016-04-27,31.2075
ICICI_Bluechip,2016-04-28,30.8209
ICICI_Bluechip,2016-04-29,30.9525
ICICI_Bluechip,2016-05-02,30.9972
ICICI_Bluechip,2016-05-03,30.7931
ICICI_Bluechip,2016-05-04,30.6917
ICICI_Bluechip,2016-05-05,30.8117
ICICI_Bluechip,2016-05-06,30.7528
ICICI_Bluechip,2016-05-09,31.123
ICICI_Bluechip,2016-05-10,31.219
ICICI_Bluechip,2016-05-11,31.2078
ICICI_Bluechip,2016-05-12,31.3966
ICICI_Bluechip,2016-05-13,31.161
ICICI_Bluechip,2016-05-16,31.3438
ICICI_Bluechip,2016-05-17,31.4794
ICICI_Bluechip,2016-05-18,31.3772
ICICI_Bluechip,2016-05-19,31.0627
ICICI_Bluechip,2016-05-20,31.0005
ICICI_Bluechip,2016-05-23,30.9309
ICICI_Bluechip,2016-05-24,30.7811
ICICI_Bluechip,2016-05-25,31.3403
ICICI_Bluechip,2016-05-26,31.8498
ICICI_Bluechip,2016-05-27,32.2214
ICICI_Bluechip,2016-05-30,32.3577
ICICI_Bluechip,2016-05-31,32.2497
ICICI_Bluechip,2016-06-01,32.4008
ICICI_Bluechip,2016-06-02,32.4416
ICICI_Bluechip,2016-06-03,32.354
ICICI_Bluechip,2016-06-06,32.3609
ICICI_Bluechip,2016-06-07,32.5025
ICICI_Bluechip,2016-06-08,32.5067
ICICI_Bluechip,2016-06-09,32.3337
ICICI_Bluechip,2016-06-10,32.2419
ICICI_Bluechip,2016-06-13,32.0592
ICICI_Bluechip,2016-06-14,32.1206
ICICI_Bluechip,2016-06-15,32.3829
ICICI_Bluechip,2016-06-16,32.2203
ICICI_Bluechip,2016-06-17,32.2788
ICICI_Bluechip,2016-06-20,32.419
ICICI_Bluechip,2016-06-21,32.4078
ICICI_Bluechip,2016-06-22,32.3207
ICICI_Bluechip,2016-06-23,32.4123
ICICI_Bluechip,2016-06-24,31.8532
ICICI_Bluechip,2016-06-27,32.0321
ICICI_Bluechip,2016-06-28,32.2537
ICICI_Bluechip,2016-06-29,32.5781
ICICI_Bluechip,2016-06-30,32.8316
ICICI_Bluechip,2016-07-01,32.8312
ICICI_Bluechip,2016-07-04,32.927
ICICI_Bluechip,2016-07-05,32.8067
ICICI_Bluechip,2016-07-07,32.7902
ICICI_Bluechip,2016-07-08,32.7291
ICICI_Bluechip,2016-07-11,33.1952
ICICI_Bluechip,2016-07-12,33.343
ICICI_Bluechip,2016-07-13,33.3
ICICI_Bluechip,2016-07-14,33.4704
ICICI_Bluechip,2016-07-15,33.5625
ICICI_Bluechip,2016-07-18,33.468
ICICI_Bluechip,2016-07-19,33.4857
ICICI_Bluechip,2016-07-20,33.7924
ICICI_Bluechip,2016-07-21,33.6839
ICICI_Bluechip,2016-07-22,33.8753
ICICI_Bluechip,2016-07-25,34.2216
ICICI_Bluechip,2016-07-26,34.0496
ICICI_Bluechip,2016-07-27,34.2683
ICICI_Bluechip,2016-07-28,34.7497
ICICI_Bluechip,2016-07-29,34.7703
ICICI_Bluechip,2016-08-01,34.7983
ICICI_Bluechip,2016-08-02,34.7268
ICICI_Bluechip,2016-08-03,34.2669
ICICI_Bluechip,2016-08-04,34.3186
ICICI_Bluechip,2016-08-05,34.6599
ICICI_Bluechip,2016-08-08,34.8229
ICICI_Bluechip,2016-08-09,34.7366
ICICI_Bluechip,2016-08-10,34.2988
ICICI_Bluechip,2016-08-11,34.3164
ICICI_Bluechip,2016-08-12,34.4515
ICICI_Bluechip,2016-08-16,34.3404
ICICI_Bluechip,2016-08-17,34.3508
ICICI_Bluechip,2016-08-18,34.4924
ICICI_Bluechip,2016-08-19,34.4209
ICICI_Bluechip,2016-08-22,34.2859
ICICI_Bluechip,2016-08-23,34.3065
ICICI_Bluechip,2016-08-24,34.4618
ICICI_Bluechip,2016-08-25,34.3744
ICICI_Bluechip,2016-08-26,34.3923
ICICI_Bluechip,2016-08-29,34.3049
ICICI_Bluechip,2016-08-30,34.726
ICICI_Bluechip,2016-08-31,34.8669
ICICI_Bluechip,2016-09-01,34.8799
ICICI_Bluechip,2016-09-02,34.9656
ICICI_Bluechip,2016-09-06,35.2977
ICICI_Bluechip,2016-09-07,35.1675
ICICI_Bluechip,2016-09-08,35.3805
ICICI_Bluechip,2016-09-09,35.1591
ICICI_Bluechip,2016-09-12,34.5872
ICICI_Bluechip,2016-09-14,34.5255
ICICI_Bluechip,2016-09-15,34.6304
ICICI_Bluechip,2016-09-16,34.8283
ICICI_Bluechip,2016-09-19,34.7558
ICICI_Bluechip,2016-09-20,34.6832
ICICI_Bluechip,2016-09-21,34.6859
ICICI_Bluechip,2016-09-22,35.0227
ICICI_Bluechip,2016-09-23,34.9991
ICICI_Bluechip,2016-09-26,34.7529
ICICI_Bluechip,2016-09-27,34.7497
ICICI_Bluechip,2016-09-28,34.8625
ICICI_Bluechip,2016-09-29,34.3278
ICICI_Bluechip,2016-09-30,34.5758
ICICI_Bluechip,2016-10-03,35.2722
ICICI_Bluechip,2016-10-04,35.3535
ICICI_Bluechip,2016-10-05,35.3256
ICICI_Bluechip,2016-10-06,35.2964
ICICI_Bluechip,2016-10-07,35.1869
ICICI_Bluechip,2016-10-10,35.1907
ICICI_Bluechip,2016-10-13,34.7014
ICICI_Bluechip,2016-10-14,34.7682
ICICI_Bluechip,2016-10-17,34.3414
ICICI_Bluechip,2016-10-18,34.8396
ICICI_Bluechip,2016-10-19,34.7616
ICICI_Bluechip,2016-10-20,34.8173
ICICI_Bluechip,2016-10-21,35.0213
ICICI_Bluechip,2016-10-24,35.0094
ICICI_Bluechip,2016-10-25,35.0645
ICICI_Bluechip,2016-10-26,35.19
ICICI_Bluechip,2016-10-27,35.1056
ICICI_Bluechip,2016-10-28,35.2742
ICICI_Bluechip,2016-11-01,35.3692
ICICI_Bluechip,2016-11-02,34.8763
ICICI_Bluechip,2016-11-03,34.6874
ICICI_Bluechip,2016-11-04,34.1118
ICICI_Bluechip,2016-11-07,34.1912
ICICI_Bluechip,2016-11-08,34.1794
ICICI_Bluechip,2016-11-09,33.7079
ICICI_Bluechip,2016-11-10,33.9122
ICICI_Bluechip,2016-11-11,33.0425
ICICI_Bluechip,2016-11-15,31.9294
ICICI_Bluechip,2016-11-16,32.0917
ICICI_Bluechip,2016-11-17,31.9725
ICICI_Bluechip,2016-11-18,32.0324
ICICI_Bluechip,2016-11-21,31.465
ICICI_Bluechip,2016-11-22,31.7987
ICICI_Bluechip,2016-11-23,31.8969
ICICI_Bluechip,2016-11-24,31.6558
ICICI_Bluechip,2016-11-25,32.2696
ICICI_Bluechip,2016-11-28,32.2954
ICICI_Bluechip,2016-11-29,32.3852
ICICI_Bluechip,2016-11-30,32.7938
ICICI_Bluechip,2016-12-01,32.6471
ICICI_Bluechip,2016-12-02,32.1706
ICICI_Bluechip,2016-12-05,32.2203
ICICI_Bluechip,2016-12-06,32.2736
ICICI_Bluechip,2016-12-07,32.0904
ICICI_Bluechip,2016-12-08,32.6371
ICICI_Bluechip,2016-12-09,32.5093
ICICI_Bluechip,2016-12-12,32.25
ICICI_Bluechip,2016-12-13,32.3619
ICICI_Bluechip,2016-12-14,32.1576
ICICI_Bluechip,2016-12-15,32.0776
ICICI_Bluechip,2016-12-16,32.0919
ICICI_Bluechip,2016-12-19,31.8054
ICICI_Bluechip,2016-12-20,31.6173
ICICI_Bluechip,2016-12-21,31.5778
ICICI_Bluechip,2016-12-22,31.2633
ICICI_Bluechip,2016-12-23,31.1878
ICICI_Bluechip,2016-12-26,30.8257
ICICI_Bluechip,2016-12-27,31.1393
ICICI_Bluechip,2016-12-28,31.384
ICICI_Bluechip,2016-12-29,31.7307
ICICI_Bluechip,2016-12-30,31.8709
ICICI_Bluechip,2017-01-02,31.9456
ICICI_Bluechip,2017-01-03,31.9537
ICICI_Bluechip,2017-01-04,31.8272
ICICI_Bluechip,2017-01-05,32.0326
ICICI_Bluechip,2017-01-06,32.0693
ICICI_Bluechip,2017-01-09,31.9912
ICICI_Bluechip,2017-01-10,32.1411
ICICI_Bluechip,2017-01-11,32.4137
ICICI_Bluechip,2017-01-12,32.4691
ICICI_Bluechip,2017-01-13,32.4258
ICICI_Bluechip,2017-01-16,32.4397
ICICI_Bluechip,2017-01-17,32.4342
ICICI_Bluechip,2017-01-18,32.6117
ICICI_Bluechip,2017-01-19,32.6848
ICICI_Bluechip,2017-01-20,32.4128
ICICI_Bluechip,2017-01-23,32.5012
ICICI_Bluechip,2017-01-24,32.9095
ICICI_Bluechip,2017-01-25,33.4747
ICICI_Bluechip,2017-01-27,33.6921
ICICI_Bluechip,2017-01-30,33.6873
ICICI_Bluechip,2017-01-31,33.4018
ICICI_Bluechip,2017-02-01,33.9805
ICICI_Bluechip,2017-02-02,33.9741
ICICI_Bluechip,2017-02-03,34.0524
ICICI_Bluechip,2017-02-06,34.2516
ICICI_Bluechip,2017-02-07,34.2879
ICICI_Bluechip,2017-02-08,34.2462
ICICI_Bluechip,2017-02-09,34.1633
ICICI_Bluechip,2017-02-10,34.2666
ICICI_Bluechip,2017-02-13,34.3026
ICICI_Bluechip,2017-02-14,34.2981
ICICI_Bluechip,2017-02-15,33.9591
ICICI_Bluechip,2017-02-16,34.3374
ICICI_Bluechip,2017-02-17,34.5605
ICICI_Bluechip,2017-02-20,34.7032
ICICI_Bluechip,2017-02-21,34.7434
ICICI_Bluechip,2017-02-22,34.5787
ICICI_Bluechip,2017-02-23,34.5983
ICICI_Bluechip,2017-02-27,34.478
ICICI_Bluechip,2017-02-28,34.53
ICICI_Bluechip,2017-03-01,34.7051
ICICI_Bluechip,2017-03-02,34.4318
ICICI_Bluechip,2017-03-03,34.2938
ICICI_Bluechip,2017-03-06,34.4305
ICICI_Bluechip,2017-03-07,34.3356
ICICI_Bluechip,2017-03-08,34.4506
ICICI_Bluechip,2017-03-09,34.5838
ICICI_Bluechip,2017-03-10,34.6742
ICICI_Bluechip,2017-03-14,35.2493
ICICI_Bluechip,2017-03-15,35.4595
ICICI_Bluechip,2017-03-16,35.751
ICICI_Bluechip,2017-03-17,35.8451
ICICI_Bluechip,2017-03-20,35.9269
ICICI_Bluechip,2017-03-21,35.8909
ICICI_Bluechip,2017-03-22,35.7299
ICICI_Bluechip,2017-03-23,35.9047
ICICI_Bluechip,2017-03-24,36.0363
ICICI_Bluechip,2017-03-27,35.9497
ICICI_Bluechip,2017-03-28,36.0397
ICICI_Bluechip,2017-03-29,36.1291
ICICI_Bluechip,2017-03-30,36.3577
ICICI_Bluechip,2017-03-31,36.2991
ICICI_Bluechip,2017-04-03,36.5586
ICICI_Bluechip,2017-04-05,36.7997
ICICI_Bluechip,2017-04-06,36.7785
ICICI_Bluechip,2017-04-07,36.6454
ICICI_Bluechip,2017-04-10,36.6778
ICICI_Bluechip,2017-04-11,36.9007
ICICI_Bluechip,2017-04-12,36.8213
ICICI_Bluechip,2017-04-13,36.6936
ICICI_Bluechip,2017-04-17,36.5094
ICICI_Bluechip,2017-04-18,36.4412
ICICI_Bluechip,2017-04-19,36.489
ICICI_Bluechip,2017-04-20,36.8038
ICICI_Bluechip,2017-04-21,36.7325
ICICI_Bluechip,2017-04-24,37.1764
ICICI_Bluechip,2017-04-25,37.3847
ICICI_Bluechip,2017-04-26,37.4489
ICICI_Bluechip,2017-04-27,37.4758
ICICI_Bluechip,2017-04-28,37.4136
ICICI_Bluechip,2017-05-02,37.5727
ICICI_Bluechip,2017-05-03,37.5841
ICICI_Bluechip,2017-05-04,37.7064
ICICI_Bluechip,2017-05-05,37.5239
ICICI_Bluechip,2017-05-08,37.6089
ICICI_Bluechip,2017-05-09,37.7357
ICICI_Bluechip,2017-05-10,38.1331
ICICI_Bluechip,2017-05-11,38.1868
ICICI_Bluechip,2017-05-12,38.0429
ICICI_Bluechip,2017-05-15,38.2789
ICICI_Bluechip,2017-05-16,38.4042
ICICI_Bluechip,2017-05-17,38.1886
ICICI_Bluechip,2017-05-18,37.7636
ICICI_Bluechip,2017-05-19,37.4612
ICICI_Bluechip,2017-05-22,37.2391
ICICI_Bluechip,2017-05-23,36.9611
ICICI_Bluechip,2017-05-24,36.8408
ICICI_Bluechip,2017-05-25,37.4522
ICICI_Bluechip,2017-05-26,37.9005
ICICI_Bluechip,2017-05-29,37.7726
ICICI_Bluechip,2017-05-30,37.7915
ICICI_Bluechip,2017-05-31,38.0466
ICICI_Bluechip,2017-06-01,38.1456
ICICI_Bluechip,2017-06-02,38.4372
ICICI_Bluechip,2017-06-05,38.5761
ICICI_Bluechip,2017-06-06,38.5089
ICICI_Bluechip,2017-06-07,38.7054
ICICI_Bluechip,2017-06-08,38.8185
ICICI_Bluechip,2017-06-09,39.0801
ICICI_Bluechip,2017-06-12,39.0069
ICICI_Bluechip,2017-06-13,39.0799
ICICI_Bluechip,2017-06-14,39.1042
ICICI_Bluechip,2017-06-15,39.0056
ICICI_Bluechip,2017-06-16,39.0665
ICICI_Bluechip,2017-06-19,39.2961
ICICI_Bluechip,2017-06-20,39.152
ICICI_Bluechip,2017-06-21,39.1056
ICICI_Bluechip,2017-06-22,39.1303
ICICI_Bluechip,2017-06-23,38.8132
ICICI_Bluechip,2017-06-27,38.4889
ICICI_Bluechip,2017-06-28,38.4284
ICICI_Bluechip,2017-06-29,38.402
ICICI_Bluechip,2017-06-30,38.5957
ICICI_Bluechip,2017-07-03,38.7437
ICICI_Bluechip,2017-07-04,38.7575
ICICI_Bluechip,2017-07-05,38.8788
ICICI_Bluechip,2017-07-06,39.0762
ICICI_Bluechip,2017-07-07,38.9992
ICICI_Bluechip,2017-07-10,39.3134
ICICI_Bluechip,2017-07-11,39.2034
ICICI_Bluechip,2017-07-12,39.3091
ICICI_Bluechip,2017-07-13,39.5849
ICICI_Bluechip,2017-07-14,39.5038
ICICI_Bluechip,2017-07-17,39.644
ICICI_Bluechip,2017-07-18,39.528
ICICI_Bluechip,2017-07-19,39.8442
ICICI_Bluechip,2017-07-20,39.7729
ICICI_Bluechip,2017-07-21,39.9436
ICICI_Bluechip,2017-07-24,40.0444
ICICI_Bluechip,2017-07-25,40.0758
ICICI_Bluechip,2017-07-26,40.1413
ICICI_Bluechip,2017-07-27,40.3421
ICICI_Bluechip,2017-07-28,40.5241
ICICI_Bluechip,2017-07-31,40.7545
ICICI_Bluechip,2017-08-01,40.8371
ICICI_Bluechip,2017-08-02,40.7686
ICICI_Bluechip,2017-08-03,40.4307
ICICI_Bluechip,2017-08-04,40.6241
ICICI_Bluechip,2017-08-07,40.9032
ICICI_Bluechip,2017-08-08,40.615
ICICI_Bluechip,2017-08-09,40.0602
ICICI_Bluechip,2017-08-10,39.3885
ICICI_Bluechip,2017-08-11,39.3275
ICICI_Bluechip,2017-08-14,39.7254
ICICI_Bluechip,2017-08-16,40.1679
ICICI_Bluechip,2017-08-17,40.0426
ICICI_Bluechip,2017-08-18,39.9352
ICICI_Bluechip,2017-08-21,39.7426
ICICI_Bluechip,2017-08-22,39.7218
ICICI_Bluechip,2017-08-23,39.9841
ICICI_Bluechip,2017-08-24,40.0803
ICICI_Bluechip,2017-08-28,40.4418
ICICI_Bluechip,2017-08-29,39.9721
ICICI_Bluechip,2017-08-30,40.3433
ICICI_Bluechip,2017-08-31,40.4839
ICICI_Bluechip,2017-09-01,40.7117
ICICI_Bluechip,2017-09-04,40.5261
ICICI_Bluechip,2017-09-05,40.7617
ICICI_Bluechip,2017-09-06,40.8249
ICICI_Bluechip,2017-09-07,41.2746
ICICI_Bluechip,2017-09-08,41.3939
ICICI_Bluechip,2017-09-11,41.713
ICICI_Bluechip,2017-09-12,42.0057
ICICI_Bluechip,2017-09-13,41.8537
ICICI_Bluechip,2017-09-14,41.8746
ICICI_Bluechip,2017-09-15,41.9728
ICICI_Bluechip,2017-09-18,42.2254
ICICI_Bluechip,2017-09-19,42.2549
ICICI_Bluechip,2017-09-20,42.1747
ICICI_Bluechip,2017-09-21,42.1447
ICICI_Bluechip,2017-09-22,41.5579
ICICI_Bluechip,2017-09-25,41.0216
ICICI_Bluechip,2017-09-26,41.1104
ICICI_Bluechip,2017-09-27,40.4635
ICICI_Bluechip,2017-09-28,40.659
ICICI_Bluechip,2017-09-29,40.9177
ICICI_Bluechip,2017-10-03,41.0754
ICICI_Bluechip,2017-10-04,41.2008
ICICI_Bluechip,2017-10-05,41.1997
ICICI_Bluechip,2017-10-06,41.4115
ICICI_Bluechip,2017-10-09,41.4651
ICICI_Bluechip,2017-10-10,41.6587
ICICI_Bluechip,2017-10-11,41.5534
ICICI_Bluechip,2017-10-12,41.9776
ICICI_Bluechip,2017-10-13,42.1996
ICICI_Bluechip,2017-10-16,42.1965
ICICI_Bluechip,2017-10-17,42.1503
ICICI_Bluechip,2017-10-18,42.0782
ICICI_Bluechip,2017-10-23,41.8592
ICICI_Bluechip,2017-10-24,41.8201
ICICI_Bluechip,2017-10-25,41.6526
ICICI_Bluechip,2017-10-26,41.6251
ICICI_Bluechip,2017-10-27,41.8638
ICICI_Bluechip,2017-10-30,42.2295
ICICI_Bluechip,2017-10-31,42.1959
ICICI_Bluechip,2017-11-01,42.4335
ICICI_Bluechip,2017-11-02,42.4388
ICICI_Bluechip,2017-11-03,42.442
ICICI_Bluechip,2017-11-06,42.4219
ICICI_Bluechip,2017-11-07,42.1968
ICICI_Bluechip,2017-11-08,42.051
ICICI_Bluechip,2017-11-09,42.2021
ICICI_Bluechip,2017-11-10,42.1625
ICICI_Bluechip,2017-11-13,41.9121
ICICI_Bluechip,2017-11-14,41.7377
ICICI_Bluechip,2017-11-15,41.469
ICICI_Bluechip,2017-11-16,41.8798
ICICI_Bluechip,2017-11-17,42.2027
ICICI_Bluechip,2017-11-20,42.3849
ICICI_Bluechip,2017-11-21,42.3903
ICICI_Bluechip,2017-11-22,42.4111
ICICI_Bluechip,2017-11-23,42.3461
ICICI_Bluechip,2017-11-24,42.5955
ICICI_Bluechip,2017-11-27,42.7038
ICICI_Bluechip,2017-11-28,42.8953
ICICI_Bluechip,2017-11-29,42.8964
ICICI_Bluechip,2017-11-30,42.6016
ICICI_Bluechip,2017-12-01,42.4195
ICICI_Bluechip,2017-12-04,42.4191
ICICI_Bluechip,2017-12-05,42.2472
ICICI_Bluechip,2017-12-06,41.9862
ICICI_Bluechip,2017-12-07,42.3686
ICICI_Bluechip,2017-12-08,42.8027
ICICI_Bluechip,2017-12-11,43.0751
ICICI_Bluechip,2017-12-12,42.8721
ICICI_Bluechip,2017-12-13,42.6097
ICICI_Bluechip,2017-12-14,42.6119
ICICI_Bluechip,2017-12-15,43.0731
ICICI_Bluechip,2017-12-18,43.5965
ICICI_Bluechip,2017-12-19,43.9035
ICICI_Bluechip,2017-12-20,43.8332
ICICI_Bluechip,2017-12-21,43.9254
ICICI_Bluechip,2017-12-22,44.0927
ICICI_Bluechip,2017-12-26,44.1143
ICICI_Bluechip,2017-12-27,43.9602
ICICI_Bluechip,2017-12-28,43.8786
ICICI_Bluechip,2017-12-29,44.2977
ICICI_Bluechip,2018-01-01,44.0453
ICICI_Bluechip,2018-01-02,43.8511
ICICI_Bluechip,2018-01-03,43.9237
ICICI_Bluechip,2018-01-04,44.1072
ICICI_Bluechip,2018-01-05,44.6544
ICICI_Bluechip,2018-01-08,44.813
ICICI_Bluechip,2018-01-09,44.723
ICICI_Bluechip,2018-01-10,44.7981
ICICI_Bluechip,2018-01-11,44.8982
ICICI_Bluechip,2018-01-12,45.0602
ICICI_Bluechip,2018-01-15,45.1435
ICICI_Bluechip,2018-01-16,44.811
ICICI_Bluechip,2018-01-17,45.0557
ICICI_Bluechip,2018-01-18,45.2456
ICICI_Bluechip,2018-01-19,45.9092
ICICI_Bluechip,2018-01-22,45.7891
ICICI_Bluechip,2018-01-23,45.644
ICICI_Bluechip,2018-01-24,45.3295
ICICI_Bluechip,2018-01-25,45.1246
ICICI_Bluechip,2018-01-29,45.31
ICICI_Bluechip,2018-01-30,44.8918
ICICI_Bluechip,2018-01-31,44.8938
ICICI_Bluechip,2018-02-01,44.8934
ICICI_Bluechip,2018-02-02,43.6676
ICICI_Bluechip,2018-02-05,43.0571
ICICI_Bluechip,2018-02-06,42.3687
ICICI_Bluechip,2018-02-07,42.3219
ICICI_Bluechip,2018-02-08,42.9776
ICICI_Bluechip,2018-02-09,42.7755
ICICI_Bluechip,2018-02-12,43.1983
ICICI_Bluechip,2018-02-14,43.2179
ICICI_Bluechip,2018-02-15,43.1527
ICICI_Bluechip,2018-02-16,42.9466
ICICI_Bluechip,2018-02-19,42.7144
ICICI_Bluechip,2018-02-20,42.635
ICICI_Bluechip,2018-02-21,42.7113
ICICI_Bluechip,2018-02-22,42.5132
ICICI_Bluechip,2018-02-23,43.1378
ICICI_Bluechip,2018-02-26,43.6298
ICICI_Bluechip,2018-02-27,43.7346
ICICI_Bluechip,2018-02-28,43.6216
ICICI_Bluechip,2018-03-01,43.4761
ICICI_Bluechip,2018-03-05,43.1863
ICICI_Bluechip,2018-03-06,42.8249
ICICI_Bluechip,2018-03-07,42.4853
ICICI_Bluechip,2018-03-08,42.6226
ICICI_Bluechip,2018-03-09,42.8256
ICICI_Bluechip,2018-03-12,43.1646
ICICI_Bluechip,2018-03-13,43.168
ICICI_Bluechip,2018-03-14,43.1976
ICICI_Bluechip,2018-03-15,43.2154
ICICI_Bluechip,2018-03-16,42.5813
ICICI_Bluechip,2018-03-19,42.1986
ICICI_Bluechip,2018-03-20,42.2834
ICICI_Bluechip,2018-03-21,42.4211
ICICI_Bluechip,2018-03-22,42.2615
ICICI_Bluechip,2018-03-23,41.881
ICICI_Bluechip,2018-03-26,42.4293
ICICI_Bluechip,2018-03-27,42.8956
ICICI_Bluechip,2018-03-28,42.8589
ICICI_Bluechip,2018-04-02,43.7299
ICICI_Bluechip,2018-04-03,43.8922
ICICI_Bluechip,2018-04-04,43.6392
ICICI_Bluechip,2018-04-05,44.3133
ICICI_Bluechip,2018-04-06,44.5188
ICICI_Bluechip,2018-04-09,44.6744
ICICI_Bluechip,2018-04-10,44.6607
ICICI_Bluechip,2018-04-11,44.8579
ICICI_Bluechip,2018-04-12,45.1019
ICICI_Bluechip,2018-04-13,45.1852
ICICI_Bluechip,2018-04-16,45.5742
ICICI_Bluechip,2018-04-17,45.565
ICICI_Bluechip,2018-04-18,45.3724
ICICI_Bluechip,2018-04-19,45.5448
ICICI_Bluechip,2018-04-20,45.5433
ICICI_Bluechip,2018-04-23,45.7622
ICICI_Bluechip,2018-04-24,45.8566
ICICI_Bluechip,2018-04-25,45.6684
ICICI_Bluechip,2018-04-26,45.9246
ICICI_Bluechip,2018-04-27,45.9163
ICICI_Bluechip,2018-04-30,46.3585
ICICI_Bluechip,2018-05-02,46.423
ICICI_Bluechip,2018-05-03,46.0162
ICICI_Bluechip,2018-05-04,45.8291
ICICI_Bluechip,2018-05-07,45.9842
ICICI_Bluechip,2018-05-08,46.1987
ICICI_Bluechip,2018-05-09,46.0353
ICICI_Bluechip,2018-05-10,45.8115
ICICI_Bluechip,2018-05-11,46.058
ICICI_Bluechip,2018-05-14,45.8161
ICICI_Bluechip,2018-05-15,45.8985
ICICI_Bluechip,2018-05-16,45.8304
ICICI_Bluechip,2018-05-17,45.8324
ICICI_Bluechip,2018-05-18,45.5903
ICICI_Bluechip,2018-05-21,44.96
ICICI_Bluechip,2018-05-22,45.0447
ICICI_Bluechip,2018-05-23,44.5882
ICICI_Bluechip,2018-05-24,44.9205
ICICI_Bluechip,2018-05-25,45.7053
ICICI_Bluechip,2018-05-28,46.0973
ICICI_Bluechip,2018-05-29,46.1664
ICICI_Bluechip,2018-05-30,46.4314
ICICI_Bluechip,2018-05-31,46.7453
ICICI_Bluechip,2018-06-01,46.2936
ICICI_Bluechip,2018-06-04,45.791
ICICI_Bluechip,2018-06-05,45.4377
ICICI_Bluechip,2018-06-06,46.0611
ICICI_Bluechip,2018-06-07,46.2776
ICICI_Bluechip,2018-06-08,46.3772
ICICI_Bluechip,2018-06-11,46.4037
ICICI_Bluechip,2018-06-12,46.6921
ICICI_Bluechip,2018-06-13,46.6806
ICICI_Bluechip,2018-06-14,46.6297
ICICI_Bluechip,2018-06-15,46.6102
ICICI_Bluechip,2018-06-18,46.1941
ICICI_Bluechip,2018-06-19,45.8521
ICICI_Bluechip,2018-06-20,46.0752
ICICI_Bluechip,2018-06-21,45.8965
ICICI_Bluechip,2018-06-22,46.2405
ICICI_Bluechip,2018-06-25,46.0384
ICICI_Bluechip,2018-06-26,46.0382
ICICI_Bluechip,2018-06-27,45.7051
ICICI_Bluechip,2018-06-28,45.4715
ICICI_Bluechip,2018-06-29,45.8172
ICICI_Bluechip,2018-07-02,45.7514
ICICI_Bluechip,2018-07-03,46.0473
ICICI_Bluechip,2018-07-04,46.4418
ICICI_Bluechip,2018-07-05,46.5507
ICICI_Bluechip,2018-07-06,46.6949
ICICI_Bluechip,2018-07-09,46.9185
ICICI_Bluechip,2018-07-10,47.2806
ICICI_Bluechip,2018-07-11,47.33
ICICI_Bluechip,2018-07-12,47.4669
ICICI_Bluechip,2018-07-13,47.3626
ICICI_Bluechip,2018-07-16,46.796
ICICI_Bluechip,2018-07-17,47.1688
ICICI_Bluechip,2018-07-18,47.2694
ICICI_Bluechip,2018-07-19,46.9584
ICICI_Bluechip,2018-07-20,47.4761
ICICI_Bluechip,2018-07-23,47.8292
ICICI_Bluechip,2018-07-24,48.131
ICICI_Bluechip,2018-07-25,48.1091
ICICI_Bluechip,2018-07-26,47.9672
ICICI_Bluechip,2018-07-27,48.2232
ICICI_Bluechip,2018-07-30,48.0705
ICICI_Bluechip,2018-07-31,48.2668
ICICI_Bluechip,2018-08-01,48.265
ICICI_Bluechip,2018-08-02,47.674
ICICI_Bluechip,2018-08-03,48.1229
ICICI_Bluechip,2018-08-06,48.0192
ICICI_Bluechip,2018-08-07,48.0329
ICICI_Bluechip,2018-08-08,48.2043
ICICI_Bluechip,2018-08-09,48.3109
ICICI_Bluechip,2018-08-10,48.1197
ICICI_Bluechip,2018-08-13,47.7677
ICICI_Bluechip,2018-08-14,48.162
ICICI_Bluechip,2018-08-16,47.8863
ICICI_Bluechip,2018-08-17,48.1444
ICICI_Bluechip,2018-08-20,48.3837
ICICI_Bluechip,2018-08-21,48.6048
ICICI_Bluechip,2018-08-23,48.761
ICICI_Bluechip,2018-08-24,48.6583
ICICI_Bluechip,2018-08-27,49.2514
ICICI_Bluechip,2018-08-28,49.4611
ICICI_Bluechip,2018-08-29,49.6369
ICICI_Bluechip,2018-08-30,49.4987
ICICI_Bluechip,2018-08-31,49.5414
ICICI_Bluechip,2018-09-03,49.163
ICICI_Bluechip,2018-09-04,48.7022
ICICI_Bluechip,2018-09-05,48.4323
ICICI_Bluechip,2018-09-06,48.7309
ICICI_Bluechip,2018-09-07,48.7308
ICICI_Bluechip,2018-09-10,47.8953
ICICI_Bluechip,2018-09-11,47.2567
ICICI_Bluechip,2018-09-12,47.5556
ICICI_Bluechip,2018-09-14,48.2119
ICICI_Bluechip,2018-09-17,47.6817
ICICI_Bluechip,2018-09-18,47.3009
ICICI_Bluechip,2018-09-19,46.9948
ICICI_Bluechip,2018-09-21,46.5231
ICICI_Bluechip,2018-09-24,45.3802
ICICI_Bluechip,2018-09-25,45.6957
ICICI_Bluechip,2018-09-26,45.3522
ICICI_Bluechip,2018-09-27,44.845
ICICI_Bluechip,2018-09-28,44.6596
ICICI_Bluechip,2018-10-01,44.4205
ICICI_Bluechip,2018-10-03,43.5984
ICICI_Bluechip,2018-10-04,42.7151
ICICI_Bluechip,2018-10-05,42.1007
ICICI_Bluechip,2018-10-08,41.9164
ICICI_Bluechip,2018-10-09,41.9931
ICICI_Bluechip,2018-10-10,42.9547
ICICI_Bluechip,2018-10-11,42.0772
ICICI_Bluechip,2018-10-12,43.1784
ICICI_Bluechip,2018-10-15,43.2515
ICICI_Bluechip,2018-10-16,43.4351
ICICI_Bluechip,2018-10-17,42.6098
ICICI_Bluechip,2018-10-19,42.2254
ICICI_Bluechip,2018-10-22,41.8448
ICICI_Bluechip,2018-10-23,41.2102
ICICI_Bluechip,2018-10-24,41.8934
ICICI_Bluechip,2018-10-25,41.7228
ICICI_Bluechip,2018-10-26,41.5634
ICICI_Bluechip,2018-10-29,42.1527
ICICI_Bluechip,2018-10-30,41.9306
ICICI_Bluechip,2018-10-31,42.8528
ICICI_Bluechip,2018-11-01,43.1171
ICICI_Bluechip,2018-11-02,43.85
ICICI_Bluechip,2018-11-05,43.81
ICICI_Bluechip,2018-11-06,43.7198
ICICI_Bluechip,2018-11-09,44.1023
ICICI_Bluechip,2018-11-12,43.5524
ICICI_Bluechip,2018-11-13,43.845
ICICI_Bluechip,2018-11-14,43.71
ICICI_Bluechip,2018-11-15,43.9766
ICICI_Bluechip,2018-11-16,44.3022
ICICI_Bluechip,2018-11-19,44.4665
ICICI_Bluechip,2018-11-20,44.1911
ICICI_Bluechip,2018-11-21,44.1877
ICICI_Bluechip,2018-11-22,43.9282
ICICI_Bluechip,2018-11-26,44.1062
ICICI_Bluechip,2018-11-27,44.4178
ICICI_Bluechip,2018-11-28,44.633
ICICI_Bluechip,2018-11-29,45.1652
ICICI_Bluechip,2018-11-30,45.5428
ICICI_Bluechip,2018-12-03,45.5142
ICICI_Bluechip,2018-12-04,45.4645
ICICI_Bluechip,2018-12-05,45.0236
ICICI_Bluechip,2018-12-06,44.4363
ICICI_Bluechip,2018-12-07,44.813
ICICI_Bluechip,2018-12-10,44.0545
ICICI_Bluechip,2018-12-11,44.4437
ICICI_Bluechip,2018-12-12,45.4228
ICICI_Bluechip,2018-12-13,45.8382
ICICI_Bluechip,2018-12-14,45.8628
ICICI_Bluechip,2018-12-17,46.2157
ICICI_Bluechip,2018-12-18,46.2921
ICICI_Bluechip,2018-12-19,46.5653
ICICI_Bluechip,2018-12-20,46.4699
ICICI_Bluechip,2018-12-21,45.8127
ICICI_Bluechip,2018-12-24,45.313
ICICI_Bluechip,2018-12-26,45.3484
ICICI_Bluechip,2018-12-27,45.4602
ICICI_Bluechip,2018-12-28,45.8494
ICICI_Bluechip,2018-12-31,45.9487
ICICI_Bluechip,2019-01-01,46.0296
ICICI_Bluechip,2019-01-02,45.6003
ICICI_Bluechip,2019-01-03,45.3334
ICICI_Bluechip,2019-01-04,45.318
ICICI_Bluechip,2019-01-07,45.1689
ICICI_Bluechip,2019-01-08,44.6935
ICICI_Bluechip,2019-01-09,44.669
ICICI_Bluechip,2019-01-10,44.7078
ICICI_Bluechip,2019-01-11,44.451
ICICI_Bluechip,2019-01-14,44.192
ICICI_Bluechip,2019-01-15,44.6295
ICICI_Bluechip,2019-01-16,44.3757
ICICI_Bluechip,2019-01-17,44.3741
ICICI_Bluechip,2019-01-18,44.3353
ICICI_Bluechip,2019-01-21,44.2645
ICICI_Bluechip,2019-01-22,44.1753
ICICI_Bluechip,2019-01-23,44.275
ICICI_Bluechip,2019-01-24,44.1054
ICICI_Bluechip,2019-01-25,43.7855
ICICI_Bluechip,2019-01-28,43.2665
ICICI_Bluechip,2019-01-29,43.2329
ICICI_Bluechip,2019-01-30,43.2035
ICICI_Bluechip,2019-01-31,43.5103
ICICI_Bluechip,2019-02-01,43.9509
ICICI_Bluechip,2019-02-04,44.1172
ICICI_Bluechip,2019-02-05,44.3637
ICICI_Bluechip,2019-02-06,44.8555
ICICI_Bluechip,2019-02-07,45.183
ICICI_Bluechip,2019-02-08,44.8823
ICICI_Bluechip,2019-02-11,44.5422
ICICI_Bluechip,2019-02-12,44.3109
ICICI_Bluechip,2019-02-13,44.2871
ICICI_Bluechip,2019-02-14,44.069
ICICI_Bluechip,2019-02-15,43.7705
ICICI_Bluechip,2019-02-18,43.3006
ICICI_Bluechip,2019-02-19,43.1958
ICICI_Bluechip,2019-02-20,43.6851
ICICI_Bluechip,2019-02-21,43.7567
ICICI_Bluechip,2019-02-22,43.7049
ICICI_Bluechip,2019-02-25,44.296
ICICI_Bluechip,2019-02-26,44.5733
ICICI_Bluechip,2019-02-27,44.5667
ICICI_Bluechip,2019-02-28,44.4396
ICICI_Bluechip,2019-03-01,44.6198
ICICI_Bluechip,2019-03-05,45.1533
ICICI_Bluechip,2019-03-06,45.3919
ICICI_Bluechip,2019-03-07,45.2268
ICICI_Bluechip,2019-03-08,45.3368
ICICI_Bluechip,2019-03-11,45.9878
ICICI_Bluechip,2019-03-12,46.2528
ICICI_Bluechip,2019-03-13,46.5112
ICICI_Bluechip,2019-03-14,46.3853
ICICI_Bluechip,2019-03-15,46.6669
ICICI_Bluechip,2019-03-18,46.5115
ICICI_Bluechip,2019-03-19,46.5113
ICICI_Bluechip,2019-03-20,46.2349
ICICI_Bluechip,2019-03-22,46.086
ICICI_Bluechip,2019-03-25,45.8064
ICICI_Bluechip,2019-03-26,46.3096
ICICI_Bluechip,2019-03-27,46.2936
ICICI_Bluechip,2019-03-28,46.6551
ICICI_Bluechip,2019-03-29,46.981
ICICI_Bluechip,2019-04-01,47.1959
ICICI_Bluechip,2019-04-02,47.3153
ICICI_Bluechip,2019-04-03,47.3076
ICICI_Bluechip,2019-04-04,47.1582
ICICI_Bluechip,2019-04-05,47.4887
ICICI_Bluechip,2019-04-08,47.3717
ICICI_Bluechip,2019-04-09,47.4487
ICICI_Bluechip,2019-04-10,47.2548
ICICI_Bluechip,2019-04-11,47.175
ICICI_Bluechip,2019-04-12,47.2601
ICICI_Bluechip,2019-04-15,47.687
ICICI_Bluechip,2019-04-16,47.9452
ICICI_Bluechip,2019-04-18,47.5729
ICICI_Bluechip,2019-04-22,47.0681
ICICI_Bluechip,2019-04-23,47.0397
ICICI_Bluechip,2019-04-24,47.7032
ICICI_Bluechip,2019-04-25,47.4253
ICICI_Bluechip,2019-04-26,47.587
ICICI_Bluechip,2019-04-30,47.7229
ICICI_Bluechip,2019-05-02,47.768
ICICI_Bluechip,2019-05-03,47.5539
ICICI_Bluechip,2019-05-06,47.1499
ICICI_Bluechip,2019-05-07,46.9154
ICICI_Bluechip,2019-05-08,46.3892
ICICI_Bluechip,2019-05-09,46.2216
ICICI_Bluechip,2019-05-10,46.2551
ICICI_Bluechip,2019-05-13,45.8407
ICICI_Bluechip,2019-05-14,45.5871
ICICI_Bluechip,2019-05-15,45.9877
ICICI_Bluechip,2019-05-16,46.225
ICICI_Bluechip,2019-05-17,46.7549
ICICI_Bluechip,2019-05-20,48.4883
ICICI_Bluechip,2019-05-21,47.8968
ICICI_Bluechip,2019-05-22,48.1288
ICICI_Bluechip,2019-05-23,47.927
ICICI_Bluechip,2019-05-24,48.4689
ICICI_Bluechip,2019-05-27,48.7481
ICICI_Bluechip,2019-05-28,48.8592
ICICI_Bluechip,2019-05-29,48.9649
ICICI_Bluechip,2019-05-30,49.5043
ICICI_Bluechip,2019-05-31,49.6009
ICICI_Bluechip,2019-06-03,50.216
ICICI_Bluechip,2019-06-04,50.041
ICICI_Bluechip,2019-06-06,49.4851
ICICI_Bluechip,2019-06-07,49.443
ICICI_Bluechip,2019-06-10,49.5439
ICICI_Bluechip,2019-06-11,49.653
ICICI_Bluechip,2019-06-12,49.234
ICICI_Bluechip,2019-06-13,49.2907
ICICI_Bluechip,2019-06-14,48.8909
ICICI_Bluechip,2019-06-17,48.5141
ICICI_Bluechip,2019-06-18,48.4502
ICICI_Bluechip,2019-06-19,48.4036
ICICI_Bluechip,2019-06-20,48.8821
ICICI_Bluechip,2019-06-21,48.5317
ICICI_Bluechip,2019-06-24,48.5922
ICICI_Bluechip,2019-06-25,48.996
ICICI_Bluechip,2019-06-26,49.2897
ICICI_Bluechip,2019-06-27,49.366
ICICI_Bluechip,2019-06-28,49.3756
ICICI_Bluechip,2019-07-01,49.7716
ICICI_Bluechip,2019-07-02,50.1515
ICICI_Bluechip,2019-07-03,50.1794
ICICI_Bluechip,2019-07-04,50.258
ICICI_Bluechip,2019-07-05,49.5638
ICICI_Bluechip,2019-07-08,48.5793
ICICI_Bluechip,2019-07-09,48.498
ICICI_Bluechip,2019-07-10,48.1232
ICICI_Bluechip,2019-07-11,48.6231
ICICI_Bluechip,2019-07-12,48.3958
ICICI_Bluechip,2019-07-15,48.7139
ICICI_Bluechip,2019-07-16,48.9022
ICICI_Bluechip,2019-07-17,48.9859
ICICI_Bluechip,2019-07-18,48.6995
ICICI_Bluechip,2019-07-19,47.9665
ICICI_Bluechip,2019-07-22,47.4019
ICICI_Bluechip,2019-07-23,47.2682
ICICI_Bluechip,2019-07-24,46.9859
ICICI_Bluechip,2019-07-25,47.1099
ICICI_Bluechip,2019-07-26,47.5006
ICICI_Bluechip,2019-07-29,47.2517
ICICI_Bluechip,2019-07-30,46.9379
ICICI_Bluechip,2019-07-31,47.2759
ICICI_Bluechip,2019-08-01,46.8464
ICICI_Bluechip,2019-08-02,47.0393
ICICI_Bluechip,2019-08-05,46.6536
ICICI_Bluechip,2019-08-06,47.3788
ICICI_Bluechip,2019-08-07,47.0773
ICICI_Bluechip,2019-08-08,47.4873
ICICI_Bluechip,2019-08-09,48.2849
ICICI_Bluechip,2019-08-13,47.2855
ICICI_Bluechip,2019-08-14,47.4579
ICICI_Bluechip,2019-08-16,47.5876
ICICI_Bluechip,2019-08-19,47.5458
ICICI_Bluechip,2019-08-20,47.4791
ICICI_Bluechip,2019-08-21,47.2066
ICICI_Bluechip,2019-08-22,46.5543
ICICI_Bluechip,2019-08-23,46.5352
ICICI_Bluechip,2019-08-26,47.5602
ICICI_Bluechip,2019-08-27,47.7229
ICICI_Bluechip,2019-08-28,47.6385
ICICI_Bluechip,2019-08-29,47.3071
ICICI_Bluechip,2019-08-30,47.6846
ICICI_Bluechip,2019-09-03,46.866
ICICI_Bluechip,2019-09-04,46.9908
ICICI_Bluechip,2019-09-05,46.9716
ICICI_Bluechip,2019-09-06,47.1805
ICICI_Bluechip,2019-09-09,47.6889
ICICI_Bluechip,2019-09-11,47.7491
ICICI_Bluechip,2019-09-12,47.5026
ICICI_Bluechip,2019-09-13,47.7489
ICICI_Bluechip,2019-09-16,47.6812
ICICI_Bluechip,2019-09-17,46.875
ICICI_Bluechip,2019-09-18,47.0925
ICICI_Bluechip,2019-09-19,46.5793
ICICI_Bluechip,2019-09-20,49.5049
ICICI_Bluechip,2019-09-23,51.4523
ICICI_Bluechip,2019-09-24,50.9665
ICICI_Bluechip,2019-09-25,50.501
ICICI_Bluechip,2019-09-26,50.9655
ICICI_Bluechip,2019-09-27,50.9252
ICICI_Bluechip,2019-09-30,50.5655
ICICI_Bluechip,2019-10-01,50.3569
ICICI_Bluechip,2019-10-03,50.0372
ICICI_Bluechip,2019-10-04,49.7632
ICICI_Bluechip,2019-10-07,49.6532
ICICI_Bluechip,2019-10-09,50.1686
ICICI_Bluechip,2019-10-10,49.8371
ICICI_Bluechip,2019-10-11,50.3824
ICICI_Bluechip,2019-10-14,50.3561
ICICI_Bluechip,2019-10-15,50.8906
ICICI_Bluechip,2019-10-16,51.1431
ICICI_Bluechip,2019-10-17,51.5637
ICICI_Bluechip,2019-10-18,51.7965
ICICI_Bluechip,2019-10-22,51.9124
ICICI_Bluechip,2019-10-23,51.8553
ICICI_Bluechip,2019-10-24,51.8755
ICICI_Bluechip,2019-10-25,51.789
ICICI_Bluechip,2019-10-29,52.7875
ICICI_Bluechip,2019-10-30,52.9263
ICICI_Bluechip,2019-10-31,53.1953
ICICI_Bluechip,2019-11-01,53.1065
ICICI_Bluechip,2019-11-04,52.9846
ICICI_Bluechip,2019-11-05,52.8708
ICICI_Bluechip,2019-11-06,53.0273
ICICI_Bluechip,2019-11-07,53.1469
ICICI_Bluechip,2019-11-08,52.6691
ICICI_Bluechip,2019-11-11,52.7747
ICICI_Bluechip,2019-11-13,52.7507
ICICI_Bluechip,2019-11-14,52.9216
ICICI_Bluechip,2019-11-15,52.8598
ICICI_Bluechip,2019-11-18,52.6458
ICICI_Bluechip,2019-11-19,52.3017
ICICI_Bluechip,2019-11-20,52.2197
ICICI_Bluechip,2019-11-21,51.9749
ICICI_Bluechip,2019-11-22,51.8055
ICICI_Bluechip,2019-11-25,52.4058
ICICI_Bluechip,2019-11-26,52.1819
ICICI_Bluechip,2019-11-27,52.5541
ICICI_Bluechip,2019-11-28,52.6551
ICICI_Bluechip,2019-11-29,52.5202
ICICI_Bluechip,2019-12-02,52.0831
ICICI_Bluechip,2019-12-03,52.1391
ICICI_Bluechip,2019-12-04,52.1758
ICICI_Bluechip,2019-12-05,52.1739
ICICI_Bluechip,2019-12-06,51.7574
ICICI_Bluechip,2019-12-09,51.7165
ICICI_Bluechip,2019-12-10,51.3884
ICICI_Bluechip,2019-12-11,51.6608
ICICI_Bluechip,2019-12-12,51.9371
ICICI_Bluechip,2019-12-13,52.3885
ICICI_Bluechip,2019-12-16,52.2265
ICICI_Bluechip,2019-12-17,52.823
ICICI_Bluechip,2019-12-18,53.2201
ICICI_Bluechip,2019-12-19,53.4483
ICICI_Bluechip,2019-12-20,53.5651
ICICI_Bluechip,2019-12-23,53.4977
ICICI_Bluechip,2019-12-24,53.2331
ICICI_Bluechip,2019-12-26,53.1793
ICICI_Bluechip,2019-12-27,53.5587
ICICI_Bluechip,2019-12-30,53.5844
ICICI_Bluechip,2019-12-31,53.2357
ICICI_Bluechip,2020-01-01,53.2623
ICICI_Bluechip,2020-01-02,53.3612
ICICI_Bluechip,2020-01-03,53.3371
ICICI_Bluechip,2020-01-06,52.3269
ICICI_Bluechip,2020-01-07,52.6992
ICICI_Bluechip,2020-01-08,52.7438
ICICI_Bluechip,2020-01-09,53.3485
ICICI_Bluechip,2020-01-10,53.6188
ICICI_Bluechip,2020-01-13,53.8602
ICICI_Bluechip,2020-01-14,54.1131
ICICI_Bluechip,2020-01-15,54.0222
ICICI_Bluechip,2020-01-16,54.3185
ICICI_Bluechip,2020-01-17,54.4449
ICICI_Bluechip,2020-01-20,53.8785
ICICI_Bluechip,2020-01-21,53.5685
ICICI_Bluechip,2020-01-22,53.3944
ICICI_Bluechip,2020-01-23,53.6822
ICICI_Bluechip,2020-01-24,54.3219
ICICI_Bluechip,2020-01-27,54.0408
ICICI_Bluechip,2020-01-28,54.0279
ICICI_Bluechip,2020-01-29,54.4893
ICICI_Bluechip,2020-01-30,54.2354
ICICI_Bluechip,2020-01-31,54.3388
ICICI_Bluechip,2020-02-03,53.9914
ICICI_Bluechip,2020-02-04,54.9917
ICICI_Bluechip,2020-02-05,55.439
ICICI_Bluechip,2020-02-06,55.6957
ICICI_Bluechip,2020-02-07,55.7358
ICICI_Bluechip,2020-02-10,56.0931
ICICI_Bluechip,2020-02-11,56.1376
ICICI_Bluechip,2020-02-12,56.6194
ICICI_Bluechip,2020-02-13,56.6034
ICICI_Bluechip,2020-02-14,56.1437
ICICI_Bluechip,2020-02-17,55.8525
ICICI_Bluechip,2020-02-18,55.593
ICICI_Bluechip,2020-02-19,56.1832
ICICI_Bluechip,2020-02-20,56.0837
ICICI_Bluechip,2020-02-24,55.0739
ICICI_Bluechip,2020-02-25,54.8741
ICICI_Bluechip,2020-02-26,54.4616
ICICI_Bluechip,2020-02-27,54.3307
ICICI_Bluechip,2020-02-28,52.8907
ICICI_Bluechip,2020-03-02,52.8009
ICICI_Bluechip,2020-03-03,53.5505
ICICI_Bluechip,2020-03-04,53.0825
ICICI_Bluechip,2020-03-05,53.645
ICICI_Bluechip,2020-03-06,53.0987
ICICI_Bluechip,2020-03-09,51.2994
ICICI_Bluechip,2020-03-11,51.3449
ICICI_Bluechip,2020-03-12,47.8039
ICICI_Bluechip,2020-03-13,48.5999
ICICI_Bluechip,2020-03-16,45.8588
ICICI_Bluechip,2020-03-17,44.891
ICICI_Bluechip,2020-03-18,42.3458
ICICI_Bluechip,2020-03-19,41.0376
ICICI_Bluechip,2020-03-20,42.895
ICICI_Bluechip,2020-03-23,37.6463
ICICI_Bluechip,2020-03-24,38.446
ICICI_Bluechip,2020-03-25,40.4084
ICICI_Bluechip,2020-03-26,42.2508
ICICI_Bluechip,2020-03-27,42.4778
ICICI_Bluechip,2020-03-30,40.9103
ICICI_Bluechip,2020-03-31,41.7364
ICICI_Bluechip,2020-04-01,40.2742
ICICI_Bluechip,2020-04-03,39.2576
ICICI_Bluechip,2020-04-07,41.8335
ICICI_Bluechip,2020-04-08,41.9653
ICICI_Bluechip,2020-04-09,43.829
ICICI_Bluechip,2020-04-13,42.8958
ICICI_Bluechip,2020-04-15,42.7458
ICICI_Bluechip,2020-04-16,42.8712
ICICI_Bluechip,2020-04-17,44.1263
ICICI_Bluechip,2020-04-20,44.0535
ICICI_Bluechip,2020-04-21,42.8546
ICICI_Bluechip,2020-04-22,43.6292
ICICI_Bluechip,2020-04-23,44.2908
ICICI_Bluechip,2020-04-24,43.3221
ICICI_Bluechip,2020-04-27,43.9317
ICICI_Bluechip,2020-04-28,44.4792
ICICI_Bluechip,2020-04-29,45.1796
ICICI_Bluechip,2020-04-30,46.2403
ICICI_Bluechip,2020-05-04,43.9775
ICICI_Bluechip,2020-05-05,43.4431
ICICI_Bluechip,2020-05-06,43.866
ICICI_Bluechip,2020-05-07,43.1938
ICICI_Bluechip,2020-05-08,43.4867
ICICI_Bluechip,2020-05-11,43.4478
ICICI_Bluechip,2020-05-12,43.3466
ICICI_Bluechip,2020-05-13,43.8787
ICICI_Bluechip,2020-05-14,43.3273
ICICI_Bluechip,2020-05-15,43.2228
ICICI_Bluechip,2020-05-18,41.8882
ICICI_Bluechip,2020-05-19,42.3384
ICICI_Bluechip,2020-05-20,43.1069
ICICI_Bluechip,2020-05-21,43.2827
ICICI_Bluechip,2020-05-22,42.8272
ICICI_Bluechip,2020-05-26,42.6159
ICICI_Bluechip,2020-05-27,43.1592
ICICI_Bluechip,2020-05-28,44.0203
ICICI_Bluechip,2020-05-29,44.6462
ICICI_Bluechip,2020-06-01,45.6082
ICICI_Bluechip,2020-06-02,46.2677
ICICI_Bluechip,2020-06-03,46.5934
ICICI_Bluechip,2020-06-04,46.2798
ICICI_Bluechip,2020-06-05,46.7759
ICICI_Bluechip,2020-06-08,46.7292
ICICI_Bluechip,2020-06-09,46.218
ICICI_Bluechip,2020-06-10,46.4633
ICICI_Bluechip,2020-06-11,45.7706
ICICI_Bluechip,2020-06-12,46.1403
ICICI_Bluechip,2020-06-15,45.421
ICICI_Bluechip,2020-06-16,45.8454
ICICI_Bluechip,2020-06-17,45.7357
ICICI_Bluechip,2020-06-18,46.2021
ICICI_Bluechip,2020-06-19,46.54
ICICI_Bluechip,2020-06-22,46.9144
ICICI_Bluechip,2020-06-23,47.7131
ICICI_Bluechip,2020-06-24,47.0349
ICICI_Bluechip,2020-06-25,47.0816
ICICI_Bluechip,2020-06-26,47.174
ICICI_Bluechip,2020-06-29,46.9765
ICICI_Bluechip,2020-06-30,47.0399
ICICI_Bluechip,2020-07-01,47.2575
ICICI_Bluechip,2020-07-02,47.6297
ICICI_Bluechip,2020-07-03,47.5785
ICICI_Bluechip,2020-07-06,48.2351
ICICI_Bluechip,2020-07-07,49.0073
ICICI_Bluechip,2020-07-08,48.2897
ICICI_Bluechip,2020-07-09,48.6452
ICICI_Bluechip,2020-07-10,48.3586
ICICI_Bluechip,2020-07-13,48.0225
ICICI_Bluechip,2020-07-14,47.2694
ICICI_Bluechip,2020-07-15,47.3582
ICICI_Bluechip,2020-07-16,47.5782
ICICI_Bluechip,2020-07-17,48.0103
ICICI_Bluechip,2020-07-20,48.7371
ICICI_Bluechip,2020-07-21,48.8579
ICICI_Bluechip,2020-07-22,48.5253
ICICI_Bluechip,2020-07-23,48.8602
ICICI_Bluechip,2020-07-24,48.2886
ICICI_Bluechip,2020-07-27,47.9389
ICICI_Bluechip,2020-07-28,48.6965
ICICI_Bluechip,2020-07-29,48.6187
ICICI_Bluechip,2020-07-30,48.4634
ICICI_Bluechip,2020-07-31,48.6272
ICICI_Bluechip,2020-08-03,48.0767
ICICI_Bluechip,2020-08-04,48.7527
ICICI_Bluechip,2020-08-05,48.9544
ICICI_Bluechip,2020-08-06,49.3785
ICICI_Bluechip,2020-08-07,49.7696
ICICI_Bluechip,2020-08-10,50.3349
ICICI_Bluechip,2020-08-11,50.333
ICICI_Bluechip,2020-08-12,50.1173
ICICI_Bluechip,2020-08-13,50.2208
ICICI_Bluechip,2020-08-14,49.6459
ICICI_Bluechip,2020-08-17,50.0781
ICICI_Bluechip,2020-08-18,50.7373
ICICI_Bluechip,2020-08-19,50.8747
ICICI_Bluechip,2020-08-20,50.7888
ICICI_Bluechip,2020-08-21,51.046
ICICI_Bluechip,2020-08-24,51.5292
ICICI_Bluechip,2020-08-25,51.8047
ICICI_Bluechip,2020-08-26,51.9163
ICICI_Bluechip,2020-08-27,51.8177
ICICI_Bluechip,2020-08-28,52.1529
ICICI_Bluechip,2020-08-31,50.578
ICICI_Bluechip,2020-09-01,51.2617
ICICI_Bluechip,2020-09-02,51.5632
ICICI_Bluechip,2020-09-03,51.7669
ICICI_Bluechip,2020-09-04,51.1327
ICICI_Bluechip,2020-09-07,50.997
ICICI_Bluechip,2020-09-08,50.6846
ICICI_Bluechip,2020-09-09,50.3218
ICICI_Bluechip,2020-09-10,50.6651
ICICI_Bluechip,2020-09-11,50.7472
ICICI_Bluechip,2020-09-14,50.833
ICICI_Bluechip,2020-09-15,51.2406
ICICI_Bluechip,2020-09-16,51.5236
ICICI_Bluechip,2020-09-17,51.2436
ICICI_Bluechip,2020-09-18,51.1081
ICICI_Bluechip,2020-09-21,49.8814
ICICI_Bluechip,2020-09-22,49.5275
ICICI_Bluechip,2020-09-23,49.3347
ICICI_Bluechip,2020-09-24,48.0502
ICICI_Bluechip,2020-09-25,49.1743
ICICI_Bluechip,2020-09-28,50.1929
ICICI_Bluechip,2020-09-29,50.3304
ICICI_Bluechip,2020-09-30,50.5719
ICICI_Bluechip,2020-10-01,51.2488
ICICI_Bluechip,2020-10-05,51.3416
ICICI_Bluechip,2020-10-06,51.8471
ICICI_Bluechip,2020-10-07,51.769
ICICI_Bluechip,2020-10-08,52.0817
ICICI_Bluechip,2020-10-09,52.0684
ICICI_Bluechip,2020-10-12,52.0031
ICICI_Bluechip,2020-10-13,51.7895
ICICI_Bluechip,2020-10-14,52.1671
ICICI_Bluechip,2020-10-15,51.0383
ICICI_Bluechip,2020-10-16,51.5
ICICI_Bluechip,2020-10-19,51.7939
ICICI_Bluechip,2020-10-20,51.9759
ICICI_Bluechip,2020-10-21,51.8558
ICICI_Bluechip,2020-10-22,51.8735
ICICI_Bluechip,2020-10-23,52.3818
ICICI_Bluechip,2020-10-26,52.0546
ICICI_Bluechip,2020-10-27,53.3319
ICICI_Bluechip,2020-10-28,52.7335
ICICI_Bluechip,2020-10-29,52.8208
ICICI_Bluechip,2020-10-30,52.6432
ICICI_Bluechip,2020-11-02,52.8932
ICICI_Bluechip,2020-11-03,53.4532
ICICI_Bluechip,2020-11-04,54.0352
ICICI_Bluechip,2020-11-05,54.9099
ICICI_Bluechip,2020-11-06,55.3169
ICICI_Bluechip,2020-11-09,55.9657
ICICI_Bluechip,2020-11-10,56.2903
ICICI_Bluechip,2020-11-11,56.9431
ICICI_Bluechip,2020-11-12,56.9553
ICICI_Bluechip,2020-11-13,57.2281
ICICI_Bluechip,2020-11-17,58.2212
ICICI_Bluechip,2020-11-18,58.5899
ICICI_Bluechip,2020-11-19,58.0742
ICICI_Bluechip,2020-11-20,59.1344
ICICI_Bluechip,2020-11-23,59.8224
ICICI_Bluechip,2020-11-24,60.1029
ICICI_Bluechip,2020-11-25,59.1082
ICICI_Bluechip,2020-11-26,59.7982
ICICI_Bluechip,2020-11-27,60.2353
ICICI_Bluechip,2020-12-01,60.5083
ICICI_Bluechip,2020-12-02,60.3507
ICICI_Bluechip,2020-12-03,60.7394
ICICI_Bluechip,2020-12-04,61.0214
ICICI_Bluechip,2020-12-07,61.1734
ICICI_Bluechip,2020-12-08,61.3644
ICICI_Bluechip,2020-12-09,61.8566
ICICI_Bluechip,2020-12-10,61.9425
ICICI_Bluechip,2020-12-11,61.9606
ICICI_Bluechip,2020-12-14,62.2695
ICICI_Bluechip,2020-12-15,62.6215
ICICI_Bluechip,2020-12-16,62.9874
ICICI_Bluechip,2020-12-17,63.309
ICICI_Bluechip,2020-12-18,63.654
ICICI_Bluechip,2020-12-21,61.9754
ICICI_Bluechip,2020-12-22,62.375
ICICI_Bluechip,2020-12-23,63.0442
ICICI_Bluechip,2020-12-24,63.4684
ICICI_Bluechip,2020-12-28,63.9489
ICICI_Bluechip,2020-12-29,64.0114
ICICI_Bluechip,2020-12-30,64.5447
ICICI_Bluechip,2020-12-31,64.6805
ICICI_Bluechip,2021-01-01,64.982
ICICI_Bluechip,2021-01-04,65.5681
ICICI_Bluechip,2021-01-05,66.3871
ICICI_Bluechip,2021-01-06,65.8741
ICICI_Bluechip,2021-01-07,65.7504
ICICI_Bluechip,2021-01-08,66.77
ICICI_Bluechip,2021-01-11,67.1855
ICICI_Bluechip,2021-01-12,66.9093
ICICI_Bluechip,2021-01-13,66.0534
ICICI_Bluechip,2021-01-14,66.0755
ICICI_Bluechip,2021-01-15,65.1807
ICICI_Bluechip,2021-01-18,63.9697
ICICI_Bluechip,2021-01-19,65.1644
ICICI_Bluechip,2021-01-20,65.6415
ICICI_Bluechip,2021-01-21,65.3636
ICICI_Bluechip,2021-01-22,65.0458
ICICI_Bluechip,2021-01-25,64.4204
ICICI_Bluechip,2021-01-27,63.2001
ICICI_Bluechip,2021-01-28,62.2646
ICICI_Bluechip,2021-01-29,61.0128
ICICI_Bluechip,2021-02-01,63.2909
ICICI_Bluechip,2021-02-02,64.9817
ICICI_Bluechip,2021-02-03,65.4614
ICICI_Bluechip,2021-02-04,66.216
ICICI_Bluechip,2021-02-05,66.3772
ICICI_Bluechip,2021-02-08,67.1298
ICICI_Bluechip,2021-02-09,66.9563
ICICI_Bluechip,2021-02-10,67.59
ICICI_Bluechip,2021-02-11,68.1178
ICICI_Bluechip,2021-02-12,68.1007
ICICI_Bluechip,2021-02-15,69.3997
ICICI_Bluechip,2021-02-16,69.3418
ICICI_Bluechip,2021-02-17,68.6967
ICICI_Bluechip,2021-02-18,68.5185
ICICI_Bluechip,2021-02-19,67.9212
ICICI_Bluechip,2021-02-22,66.7885
ICICI_Bluechip,2021-02-23,66.8644
ICICI_Bluechip,2021-02-24,67.3751
ICICI_Bluechip,2021-02-25,67.5493
ICICI_Bluechip,2021-02-26,65.7906
ICICI_Bluechip,2021-03-01,66.6336
ICICI_Bluechip,2021-03-02,67.814
ICICI_Bluechip,2021-03-03,69.1273
ICICI_Bluechip,2021-03-04,68.9431
ICICI_Bluechip,2021-03-05,68.454
ICICI_Bluechip,2021-03-08,68.0512
ICICI_Bluechip,2021-03-09,68.541
ICICI_Bluechip,2021-03-10,68.9064
ICICI_Bluechip,2021-03-12,68.3853
ICICI_Bluechip,2021-03-15,67.9814
ICICI_Bluechip,2021-03-16,68.0344
ICICI_Bluechip,2021-03-17,67.2323
ICICI_Bluechip,2021-03-18,66.2719
ICICI_Bluechip,2021-03-19,66.7529
ICICI_Bluechip,2021-03-22,66.8021
ICICI_Bluechip,2021-03-23,67.2521
ICICI_Bluechip,2021-03-24,66.1412
ICICI_Bluechip,2021-03-25,64.864
ICICI_Bluechip,2021-03-26,65.7904
ICICI_Bluechip,2021-03-30,66.5679
ICICI_Bluechip,2021-03-31,66.3499
ICICI_Bluechip,2021-04-01,67.0371
ICICI_Bluechip,2021-04-05,66.1132
ICICI_Bluechip,2021-04-06,66.3985
ICICI_Bluechip,2021-04-07,67.4155
ICICI_Bluechip,2021-04-08,67.8958
ICICI_Bluechip,2021-04-09,67.7033
ICICI_Bluechip,2021-04-12,65.222
ICICI_Bluechip,2021-04-13,65.5948
ICICI_Bluechip,2021-04-15,65.7774
ICICI_Bluechip,2021-04-16,66.3723
ICICI_Bluechip,2021-04-19,65.0908
ICICI_Bluechip,2021-04-20,65.0174
ICICI_Bluechip,2021-04-22,65.4039
ICICI_Bluechip,2021-04-23,65.4656
ICICI_Bluechip,2021-04-26,65.8562
ICICI_Bluechip,2021-04-27,66.5924
ICICI_Bluechip,2021-04-28,67.9358
ICICI_Bluechip,2021-04-29,68.0292
ICICI_Bluechip,2021-04-30,66.9264
ICICI_Bluechip,2021-05-03,67.0875
ICICI_Bluechip,2021-05-04,66.6541
ICICI_Bluechip,2021-05-05,67.165
ICICI_Bluechip,2021-05-06,67.5074
ICICI_Bluechip,2021-05-07,67.558
ICICI_Bluechip,2021-05-10,68.1078
ICICI_Bluechip,2021-05-11,67.5422
ICICI_Bluechip,2021-05-12,66.9675
ICICI_Bluechip,2021-05-14,66.5356
ICICI_Bluechip,2021-05-17,67.3697
ICICI_Bluechip,2021-05-18,68.7087
ICICI_Bluechip,2021-05-19,68.4275
ICICI_Bluechip,2021-05-20,68.1195
ICICI_Bluechip,2021-05-21,69.0525
ICICI_Bluechip,2021-05-24,69.0821
ICICI_Bluechip,2021-05-25,69.3104
ICICI_Bluechip,2021-05-26,69.8961
ICICI_Bluechip,2021-05-27,70.0134
ICICI_Bluechip,2021-05-28,69.8483
ICICI_Bluechip,2021-05-31,70.2453
ICICI_Bluechip,2021-06-01,70.3808
ICICI_Bluechip,2021-06-02,70.9471
ICICI_Bluechip,2021-06-03,71.495
ICICI_Bluechip,2021-06-04,71.582
ICICI_Bluechip,2021-06-07,71.6821
ICICI_Bluechip,2021-06-08,71.682
ICICI_Bluechip,2021-06-09,71.4079
ICICI_Bluechip,2021-06-10,72.3612
ICICI_Bluechip,2021-06-11,72.2529
ICICI_Bluechip,2021-06-14,72.4523
ICICI_Bluechip,2021-06-15,72.8587
ICICI_Bluechip,2021-06-16,72.6385
ICICI_Bluechip,2021-06-17,72.3683
ICICI_Bluechip,2021-06-18,72.1931
ICICI_Bluechip,2021-06-21,72.3846
ICICI_Bluechip,2021-06-22,72.5265
ICICI_Bluechip,2021-06-23,72.1387
ICICI_Bluechip,2021-06-24,72.5226
ICICI_Bluechip,2021-06-25,72.8784
ICICI_Bluechip,2021-06-28,72.8531
ICICI_Bluechip,2021-06-29,72.726
ICICI_Bluechip,2021-06-30,72.8723
ICICI_Bluechip,2021-07-01,73.1256
ICICI_Bluechip,2021-07-02,73.4383
ICICI_Bluechip,2021-07-05,74.02
ICICI_Bluechip,2021-07-06,73.9922
ICICI_Bluechip,2021-07-07,74.2331
ICICI_Bluechip,2021-07-08,73.9363
ICICI_Bluechip,2021-07-09,74.0795
ICICI_Bluechip,2021-07-12,74.0474
ICICI_Bluechip,2021-07-13,74.0438
ICICI_Bluechip,2021-07-14,74.218
ICICI_Bluechip,2021-07-15,74.2924
ICICI_Bluechip,2021-07-16,74.3636
ICICI_Bluechip,2021-07-19,73.9938
ICICI_Bluechip,2021-07-20,73.8128
ICICI_Bluechip,2021-07-22,74.5876
ICICI_Bluechip,2021-07-23,74.5025
ICICI_Bluechip,2021-07-26,74.4544
ICICI_Bluechip,2021-07-27,74.294
ICICI_Bluechip,2021-07-28,74.1284
ICICI_Bluechip,2021-07-29,74.5288
ICICI_Bluechip,2021-07-30,74.2211
ICICI_Bluechip,2021-08-02,75.0437
ICICI_Bluechip,2021-08-03,75.9397
ICICI_Bluechip,2021-08-04,76.021
ICICI_Bluechip,2021-08-05,76.008
ICICI_Bluechip,2021-08-06,75.8131
ICICI_Bluechip,2021-08-09,75.5804
ICICI_Bluechip,2021-08-10,75.5859
ICICI_Bluechip,2021-08-11,75.3045
ICICI_Bluechip,2021-08-12,75.6608
ICICI_Bluechip,2021-08-13,75.9653
ICICI_Bluechip,2021-08-16,76.0397
ICICI_Bluechip,2021-08-17,76.4159
ICICI_Bluechip,2021-08-18,76.6204
ICICI_Bluechip,2021-08-20,76.3521
ICICI_Bluechip,2021-08-23,76.715
ICICI_Bluechip,2021-08-24,77.6842
ICICI_Bluechip,2021-08-25,77.9829
ICICI_Bluechip,2021-08-26,78.268
ICICI_Bluechip,2021-08-27,78.8144
ICICI_Bluechip,2021-08-30,80.0445
ICICI_Bluechip,2021-08-31,81.2869
ICICI_Bluechip,2021-09-01,81.3088
ICICI_Bluechip,2021-09-02,81.864
ICICI_Bluechip,2021-09-03,82.0104
ICICI_Bluechip,2021-09-06,81.9726
ICICI_Bluechip,2021-09-07,81.7986
ICICI_Bluechip,2021-09-08,82.0739
ICICI_Bluechip,2021-09-09,82.255
ICICI_Bluechip,2021-09-13,82.6854
ICICI_Bluechip,2021-09-14,83.0189
ICICI_Bluechip,2021-09-15,83.3885
ICICI_Bluechip,2021-09-16,83.8102
ICICI_Bluechip,2021-09-17,83.7154
ICICI_Bluechip,2021-09-20,83.2059
ICICI_Bluechip,2021-09-21,84.2897
ICICI_Bluechip,2021-09-22,84.2283
ICICI_Bluechip,2021-09-23,85.1846
ICICI_Bluechip,2021-09-24,84.766
ICICI_Bluechip,2021-09-27,84.3182
ICICI_Bluechip,2021-09-28,83.2962
ICICI_Bluechip,2021-09-29,82.9626
ICICI_Bluechip,2021-09-30,82.8497
ICICI_Bluechip,2021-10-01,82.3533
ICICI_Bluechip,2021-10-04,83.6199
ICICI_Bluechip,2021-10-05,83.9434
ICICI_Bluechip,2021-10-06,83.3956
ICICI_Bluechip,2021-10-07,84.116
ICICI_Bluechip,2021-10-08,84.2722
ICICI_Bluechip,2021-10-11,84.9535
ICICI_Bluechip,2021-10-12,85.2721
ICICI_Bluechip,2021-10-13,86.6202
ICICI_Bluechip,2021-10-14,87.4659
ICICI_Bluechip,2021-10-18,86.906
ICICI_Bluechip,2021-10-19,86.1444
ICICI_Bluechip,2021-10-20,84.8923
ICICI_Bluechip,2021-10-21,84.6113
ICICI_Bluechip,2021-10-22,83.9738
ICICI_Bluechip,2021-10-25,82.4621
ICICI_Bluechip,2021-10-26,83.7637
ICICI_Bluechip,2021-10-27,84.0077
ICICI_Bluechip,2021-10-28,83.2316
ICICI_Bluechip,2021-10-29,82.6397
ICICI_Bluechip,2021-11-01,83.4744
ICICI_Bluechip,2021-11-02,83.3971
ICICI_Bluechip,2021-11-03,83.3546
ICICI_Bluechip,2021-11-08,84.5536
ICICI_Bluechip,2021-11-09,84.4667
ICICI_Bluechip,2021-11-10,84.6363
ICICI_Bluechip,2021-11-11,84.2245
ICICI_Bluechip,2021-11-12,85.3485
ICICI_Bluechip,2021-11-15,85.4638
ICICI_Bluechip,2021-11-16,85.7294
ICICI_Bluechip,2021-11-17,85.3839
ICICI_Bluechip,2021-11-18,84.4609
ICICI_Bluechip,2021-11-22,81.8661
ICICI_Bluechip,2021-11-23,82.4535
ICICI_Bluechip,2021-11-24,82.3818
ICICI_Bluechip,2021-11-25,82.6405
ICICI_Bluechip,2021-11-26,80.5581
ICICI_Bluechip,2021-11-29,80.6496
ICICI_Bluechip,2021-11-30,80.8104
ICICI_Bluechip,2021-12-01,81.2494
ICICI_Bluechip,2021-12-02,82.3468
ICICI_Bluechip,2021-12-03,81.7367
ICICI_Bluechip,2021-12-06,80.1411
ICICI_Bluechip,2021-12-07,81.2636
ICICI_Bluechip,2021-12-08,82.3253
ICICI_Bluechip,2021-12-09,82.4078
ICICI_Bluechip,2021-12-10,82.4418
ICICI_Bluechip,2021-12-13,81.7787
ICICI_Bluechip,2021-12-14,81.5686
ICICI_Bluechip,2021-12-15,81.0588
ICICI_Bluechip,2021-12-16,81.036
ICICI_Bluechip,2021-12-17,79.6694
ICICI_Bluechip,2021-12-20,77.5931
ICICI_Bluechip,2021-12-21,78.0346
ICICI_Bluechip,2021-12-22,79.1261
ICICI_Bluechip,2021-12-23,79.6287
ICICI_Bluechip,2021-12-24,79.1895
ICICI_Bluechip,2021-12-27,79.5375
ICICI_Bluechip,2021-12-28,80.3139
ICICI_Bluechip,2021-12-29,80.2977
ICICI_Bluechip,2021-12-30,80.2221
ICICI_Bluechip,2021-12-31,81.2402
ICICI_Bluechip,2022-01-03,82.4289
ICICI_Bluechip,2022-01-04,83.287
ICICI_Bluechip,2022-01-05,83.8475
ICICI_Bluechip,2022-01-06,83.5037
ICICI_Bluechip,2022-01-07,83.8626
ICICI_Bluechip,2022-01-10,83.7001
ICICI_Bluechip,2022-01-11,83.932
ICICI_Bluechip,2022-01-12,83.6159
ICICI_Bluechip,2022-01-13,83.4606
ICICI_Bluechip,2022-01-14,83.7325
ICICI_Bluechip,2022-01-17,84.1011
ICICI_Bluechip,2022-01-18,83.0109
ICICI_Bluechip,2022-01-19,81.8537
ICICI_Bluechip,2022-01-20,81.238
ICICI_Bluechip,2022-01-21,79.7572
ICICI_Bluechip,2022-01-24,76.6805
ICICI_Bluechip,2022-01-25,76.7127
ICICI_Bluechip,2022-01-27,75.3274
ICICI_Bluechip,2022-01-28,75.6428
ICICI_Bluechip,2022-01-31,76.8741
ICICI_Bluechip,2022-02-01,77.887
ICICI_Bluechip,2022-02-02,79.1057
ICICI_Bluechip,2022-02-03,78.1087
ICICI_Bluechip,2022-02-04,78.1271
ICICI_Bluechip,2022-02-07,76.5225
ICICI_Bluechip,2022-02-08,76.2751
ICICI_Bluechip,2022-02-09,77.128
ICICI_Bluechip,2022-02-10,77.5656
ICICI_Bluechip,2022-02-11,76.053
ICICI_Bluechip,2022-02-14,74.1305
ICICI_Bluechip,2022-02-15,76.0554
ICICI_Bluechip,2022-02-16,75.8994
ICICI_Bluechip,2022-02-17,75.8591
ICICI_Bluechip,2022-02-18,75.2152
ICICI_Bluechip,2022-02-21,74.9357
ICICI_Bluechip,2022-02-22,74.6777
ICICI_Bluechip,2022-02-23,74.8289
ICICI_Bluechip,2022-02-24,71.3778
ICICI_Bluechip,2022-02-25,73.9328
ICICI_Bluechip,2022-02-28,74.4883
ICICI_Bluechip,2022-03-02,73.8204
ICICI_Bluechip,2022-03-03,73.3142
ICICI_Bluechip,2022-03-04,71.6986
ICICI_Bluechip,2022-03-07,69.7358
ICICI_Bluechip,2022-03-08,70.6214
ICICI_Bluechip,2022-03-09,71.7508
ICICI_Bluechip,2022-03-10,73.0061
ICICI_Bluechip,2022-03-11,73.1308
ICICI_Bluechip,2022-03-14,73.5318
ICICI_Bluechip,2022-03-15,73.1899
ICICI_Bluechip,2022-03-16,74.358
ICICI_Bluechip,2022-03-17,75.7167
ICICI_Bluechip,2022-03-21,74.8165
ICICI_Bluechip,2022-03-22,75.2075
ICICI_Bluechip,2022-03-23,75.0377
ICICI_Bluechip,2022-03-24,74.6781
ICICI_Bluechip,2022-03-25,74.332
ICICI_Bluechip,2022-03-28,74.1641
ICICI_Bluechip,2022-03-29,74.6649
ICICI_Bluechip,2022-03-30,75.6682
ICICI_Bluechip,2022-03-31,75.5061
ICICI_Bluechip,2022-04-01,76.3631
ICICI_Bluechip,2022-04-04,77.7401
ICICI_Bluechip,2022-04-05,77.8618
ICICI_Bluechip,2022-04-06,77.2841
ICICI_Bluechip,2022-04-07,76.7796
ICICI_Bluechip,2022-04-08,77.5007
ICICI_Bluechip,2022-04-11,77.4023
ICICI_Bluechip,2022-04-12,76.6442
ICICI_Bluechip,2022-04-13,76.3584
ICICI_Bluechip,2022-04-18,75.4011
ICICI_Bluechip,2022-04-19,74.1182
ICICI_Bluechip,2022-04-20,74.5345
ICICI_Bluechip,2022-04-21,75.4805
ICICI_Bluechip,2022-04-22,75.0345
ICICI_Bluechip,2022-04-25,74.1743
ICICI_Bluechip,2022-04-26,75.2145
ICICI_Bluechip,2022-04-27,73.9744
ICICI_Bluechip,2022-04-28,74.7458
ICICI_Bluechip,2022-04-29,74.2535
ICICI_Bluechip,2022-05-02,74.1048
ICICI_Bluechip,2022-05-04,71.9729
ICICI_Bluechip,2022-05-05,71.8904
ICICI_Bluechip,2022-05-06,68.9738
ICICI_Bluechip,2022-05-09,68.3816
ICICI_Bluechip,2022-05-10,67.7491
ICICI_Bluechip,2022-05-11,66.8623
ICICI_Bluechip,2022-05-12,65.4083
ICICI_Bluechip,2022-05-13,65.4373
ICICI_Bluechip,2022-05-16,66.2938
ICICI_Bluechip,2022-05-17,67.8271
ICICI_Bluechip,2022-05-18,67.772
ICICI_Bluechip,2022-05-19,65.8496
ICICI_Bluechip,2022-05-20,66.8472
ICICI_Bluechip,2022-05-23,66.6512
ICICI_Bluechip,2022-05-24,66.3628
ICICI_Bluechip,2022-05-25,65.4557
ICICI_Bluechip,2022-05-26,66.161
ICICI_Bluechip,2022-05-27,67.2291
ICICI_Bluechip,2022-05-30,68.533
ICICI_Bluechip,2022-05-31,69.1361
ICICI_Bluechip,2022-06-01,68.8319
ICICI_Bluechip,2022-06-02,68.8276
ICICI_Bluechip,2022-06-03,68.0717
ICICI_Bluechip,2022-06-06,67.548
ICICI_Bluechip,2022-06-07,66.7412
ICICI_Bluechip,2022-06-08,66.9337
ICICI_Bluechip,2022-06-09,67.2604
ICICI_Bluechip,2022-06-10,66.1339
ICICI_Bluechip,2022-06-13,64.4339
ICICI_Bluechip,2022-06-14,64.3993
ICICI_Bluechip,2022-06-15,64.8568
ICICI_Bluechip,2022-06-16,63.7459
ICICI_Bluechip,2022-06-17,62.9852
ICICI_Bluechip,2022-06-20,63.378
ICICI_Bluechip,2022-06-21,64.4233
ICICI_Bluechip,2022-06-22,63.7074
ICICI_Bluechip,2022-06-23,64.47
ICICI_Bluechip,2022-06-24,65.2431
ICICI_Bluechip,2022-06-27,65.5288
ICICI_Bluechip,2022-06-28,65.4275
ICICI_Bluechip,2022-06-29,64.8133
ICICI_Bluechip,2022-06-30,64.3604
ICICI_Bluechip,2022-07-01,65.0877
ICICI_Bluechip,2022-07-04,65.6105
ICICI_Bluechip,2022-07-05,65.7151
ICICI_Bluechip,2022-07-06,67.1482
ICICI_Bluechip,2022-07-07,67.537
ICICI_Bluechip,2022-07-08,67.7009
ICICI_Bluechip,2022-07-11,67.7432
ICICI_Bluechip,2022-07-12,66.9495
ICICI_Bluechip,2022-07-13,67.1057
ICICI_Bluechip,2022-07-14,67.0015
ICICI_Bluechip,2022-07-15,67.5691
ICICI_Bluechip,2022-07-18,68.6155
ICICI_Bluechip,2022-07-19,68.925
ICICI_Bluechip,2022-07-20,69.1252
ICICI_Bluechip,2022-07-21,69.9609
ICICI_Bluechip,2022-07-22,69.9601
ICICI_Bluechip,2022-07-25,69.7673
ICICI_Bluechip,2022-07-26,69.1326
ICICI_Bluechip,2022-07-27,69.8525
ICICI_Bluechip,2022-07-28,71.9063
ICICI_Bluechip,2022-07-29,72.9947
ICICI_Bluechip,2022-08-01,73.7095
ICICI_Bluechip,2022-08-02,74.0304
ICICI_Bluechip,2022-08-03,73.8828
ICICI_Bluechip,2022-08-04,74.2272
ICICI_Bluechip,2022-08-05,74.6044
ICICI_Bluechip,2022-08-08,74.8976
ICICI_Bluechip,2022-08-10,74.4544
ICICI_Bluechip,2022-08-11,75.3237
ICICI_Bluechip,2022-08-12,75.3228
ICICI_Bluechip,2022-08-16,75.8512
ICICI_Bluechip,2022-08-17,76.5286
ICICI_Bluechip,2022-08-18,76.6729
ICICI_Bluechip,2022-08-19,75.7918
ICICI_Bluechip,2022-08-22,74.4093
ICICI_Bluechip,2022-08-23,74.7255
ICICI_Bluechip,2022-08-24,75.1045
ICICI_Bluechip,2022-08-25,74.9546
ICICI_Bluechip,2022-08-26,75.2754
ICICI_Bluechip,2022-08-29,74.3321
ICICI_Bluechip,2022-08-30,76.2211
ICICI_Bluechip,2022-09-01,76.0456
ICICI_Bluechip,2022-09-02,76.2954
ICICI_Bluechip,2022-09-05,76.3428
ICICI_Bluechip,2022-09-06,75.9521
ICICI_Bluechip,2022-09-07,76.0521
ICICI_Bluechip,2022-09-08,76.6277
ICICI_Bluechip,2022-09-09,76.641
ICICI_Bluechip,2022-09-12,76.9253
ICICI_Bluechip,2022-09-13,77.3455
ICICI_Bluechip,2022-09-14,77.092
ICICI_Bluechip,2022-09-15,76.9184
ICICI_Bluechip,2022-09-16,74.951
ICICI_Bluechip,2022-09-19,75.4771
ICICI_Bluechip,2022-09-20,76.1536
ICICI_Bluechip,2022-09-21,75.5546
ICICI_Bluechip,2022-09-22,75.5508
ICICI_Bluechip,2022-09-23,74.1328
ICICI_Bluechip,2022-09-26,72.7149
ICICI_Bluechip,2022-09-27,72.7936
ICICI_Bluechip,2022-09-28,72.5238
ICICI_Bluechip,2022-09-29,72.1439
ICICI_Bluechip,2022-09-30,73.174
ICICI_Bluechip,2022-10-03,72.5115
ICICI_Bluechip,2022-10-04,74.1916
ICICI_Bluechip,2022-10-06,74.0728
ICICI_Bluechip,2022-10-07,73.8803
ICICI_Bluechip,2022-10-10,73.3259
ICICI_Bluechip,2022-10-11,72.1344
ICICI_Bluechip,2022-10-12,72.7405
ICICI_Bluechip,2022-10-13,72.2693
ICICI_Bluechip,2022-10-14,72.6922
ICICI_Bluechip,2022-10-17,72.939
ICICI_Bluechip,2022-10-18,73.3122
ICICI_Bluechip,2022-10-19,73.525
ICICI_Bluechip,2022-10-20,74.0023
ICICI_Bluechip,2022-10-21,73.1574
ICICI_Bluechip,2022-10-25,73.2124
ICICI_Bluechip,2022-10-27,73.0833
ICICI_Bluechip,2022-10-28,73.0108
ICICI_Bluechip,2022-10-31,73.9984
ICICI_Bluechip,2022-11-01,74.829
ICICI_Bluechip,2022-11-02,74.5626
ICICI_Bluechip,2022-11-03,74.4512
ICICI_Bluechip,2022-11-04,74.6355
ICICI_Bluechip,2022-11-07,74.3683
ICICI_Bluechip,2022-11-09,74.0695
ICICI_Bluechip,2022-11-10,73.2877
ICICI_Bluechip,2022-11-11,74.2379
ICICI_Bluechip,2022-11-14,74.4336
ICICI_Bluechip,2022-11-15,74.2266
ICICI_Bluechip,2022-11-16,73.9799
ICICI_Bluechip,2022-11-17,73.3032
ICICI_Bluechip,2022-11-18,73.0331
ICICI_Bluechip,2022-11-21,72.5227
ICICI_Bluechip,2022-11-22,72.8393
ICICI_Bluechip,2022-11-23,73.0808
ICICI_Bluechip,2022-11-24,73.4842
ICICI_Bluechip,2022-11-25,73.4058
ICICI_Bluechip,2022-11-28,73.7588
ICICI_Bluechip,2022-11-29,73.8042
ICICI_Bluechip,2022-11-30,74.3607
ICICI_Bluechip,2022-12-01,74.7124
ICICI_Bluechip,2022-12-02,74.5548
ICICI_Bluechip,2022-12-05,74.5897
ICICI_Bluechip,2022-12-06,74.5749
ICICI_Bluechip,2022-12-07,74.2084
ICICI_Bluechip,2022-12-08,74.0809
ICICI_Bluechip,2022-12-09,73.7258
ICICI_Bluechip,2022-12-12,73.8144
ICICI_Bluechip,2022-12-13,74.2943
ICICI_Bluechip,2022-12-14,74.7981
ICICI_Bluechip,2022-12-15,74.0003
ICICI_Bluechip,2022-12-16,73.0535
ICICI_Bluechip,2022-12-19,73.7565
ICICI_Bluechip,2022-12-20,73.6085
ICICI_Bluechip,2022-12-21,72.9939
ICICI_Bluechip,2022-12-22,72.4265
ICICI_Bluechip,2022-12-23,70.9687
ICICI_Bluechip,2022-12-26,71.8064
ICICI_Bluechip,2022-12-27,72.2696
ICICI_Bluechip,2022-12-28,72.239
ICICI_Bluechip,2022-12-29,72.326
ICICI_Bluechip,2022-12-30,72.1133
ICICI_Bluechip,2023-01-02,72.1487
ICICI_Bluechip,2023-01-03,72.4388
ICICI_Bluechip,2023-01-04,71.6233
ICICI_Bluechip,2023-01-05,70.7817
ICICI_Bluechip,2023-01-06,70.0052
ICICI_Bluechip,2023-01-09,70.68
ICICI_Bluechip,2023-01-10,70.3295
ICICI_Bluechip,2023-01-11,70.0302
ICICI_Bluechip,2023-01-12,70.1017
ICICI_Bluechip,2023-01-13,70.263
ICICI_Bluechip,2023-01-16,69.659
ICICI_Bluechip,2023-01-17,69.8692
ICICI_Bluechip,2023-01-18,70.0482
ICICI_Bluechip,2023-01-19,69.4972
ICICI_Bluechip,2023-01-20,69.0239
ICICI_Bluechip,2023-01-23,69.3624
ICICI_Bluechip,2023-01-24,69.2382
ICICI_Bluechip,2023-01-25,68.4487
ICICI_Bluechip,2023-01-27,68.0593
ICICI_Bluechip,2023-01-30,68.4819
ICICI_Bluechip,2023-01-31,68.3442
ICICI_Bluechip,2023-02-01,68.5751
ICICI_Bluechip,2023-02-02,68.5272
ICICI_Bluechip,2023-02-03,68.936
ICICI_Bluechip,2023-02-06,68.7995
ICICI_Bluechip,2023-02-07,68.8848
ICICI_Bluechip,2023-02-08,69.6656
ICICI_Bluechip,2023-02-09,69.8143
ICICI_Bluechip,2023-02-10,69.8154
ICICI_Bluechip,2023-02-13,68.9661
ICICI_Bluechip,2023-02-14,69.1866
ICICI_Bluechip,2023-02-15,70.0632
ICICI_Bluechip,2023-02-16,70.5816
ICICI_Bluechip,2023-02-17,70.0019
ICICI_Bluechip,2023-02-20,69.9459
ICICI_Bluechip,2023-02-21,69.9427
ICICI_Bluechip,2023-02-22,68.9248
ICICI_Bluechip,2023-02-23,68.7063
ICICI_Bluechip,2023-02-24,68.7126
ICICI_Bluechip,2023-02-27,68.4824
ICICI_Bluechip,2023-02-28,68.3805
ICICI_Bluechip,2023-03-01,68.9211
ICICI_Bluechip,2023-03-02,68.5425
ICICI_Bluechip,2023-03-03,68.7209
ICICI_Bluechip,2023-03-06,69.1585
ICICI_Bluechip,2023-03-08,69.0308
ICICI_Bluechip,2023-03-09,68.4496
ICICI_Bluechip,2023-03-10,67.9665
ICICI_Bluechip,2023-03-13,67.0393
ICICI_Bluechip,2023-03-14,66.4865
ICICI_Bluechip,2023-03-15,66.4041
ICICI_Bluechip,2023-03-16,66.6861
ICICI_Bluechip,2023-03-17,66.8784
ICICI_Bluechip,2023-03-20,66.3291
ICICI_Bluechip,2023-03-21,66.5076
ICICI_Bluechip,2023-03-22,66.8934
ICICI_Bluechip,2023-03-23,66.7888
ICICI_Bluechip,2023-03-24,66.2364
ICICI_Bluechip,2023-03-27,66.0237
ICICI_Bluechip,2023-03-28,65.9999
ICICI_Bluechip,2023-03-29,66.7265
ICICI_Bluechip,2023-03-31,67.5488
ICICI_Bluechip,2023-04-03,68.1351
ICICI_Bluechip,2023-04-05,68.808
ICICI_Bluechip,2023-04-06,69.073
ICICI_Bluechip,2023-04-10,68.8753
ICICI_Bluechip,2023-04-11,69.4778
ICICI_Bluechip,2023-04-12,69.8881
ICICI_Bluechip,2023-04-13,70.0008
ICICI_Bluechip,2023-04-17,69.9252
ICICI_Bluechip,2023-04-18,70.2852
ICICI_Bluechip,2023-04-19,70.0991
ICICI_Bluechip,2023-04-20,69.884
ICICI_Bluechip,2023-04-21,70.0472
ICICI_Bluechip,2023-04-24,70.1351
ICICI_Bluechip,2023-04-25,70.2622
ICICI_Bluechip,2023-04-26,70.2651
ICICI_Bluechip,2023-04-27,70.8328
ICICI_Bluechip,2023-04-28,71.9798
ICICI_Bluechip,2023-05-02,71.9451
ICICI_Bluechip,2023-05-03,72.0198
ICICI_Bluechip,2023-05-04,72.9185
ICICI_Bluechip,2023-05-05,72.7981
ICICI_Bluechip,2023-05-08,73.7065
ICICI_Bluechip,2023-05-09,73.7085
ICICI_Bluechip,2023-05-10,74.1124
ICICI_Bluechip,2023-05-11,74.2638
ICICI_Bluechip,2023-05-12,74.2078
ICICI_Bluechip,2023-05-15,73.9206
ICICI_Bluechip,2023-05-16,73.873
ICICI_Bluechip,2023-05-17,73.2558
ICICI_Bluechip,2023-05-18,73.0567
ICICI_Bluechip,2023-05-19,73.2915
ICICI_Bluechip,2023-05-22,73.7622
ICICI_Bluechip,2023-05-23,74.1111
ICICI_Bluechip,2023-05-24,73.9094
ICICI_Bluechip,2023-05-25,74.2147
ICICI_Bluechip,2023-05-26,75.2549
ICICI_Bluechip,2023-05-29,75.5785
ICICI_Bluechip,2023-05-30,75.6253
ICICI_Bluechip,2023-05-31,75.5768
ICICI_Bluechip,2023-06-01,75.9464
ICICI_Bluechip,2023-06-02,76.1186
ICICI_Bluechip,2023-06-05,76.1444
ICICI_Bluechip,2023-06-06,76.5604
ICICI_Bluechip,2023-06-07,77.6009
ICICI_Bluechip,2023-06-08,76.8357
ICICI_Bluechip,2023-06-09,76.9204
ICICI_Bluechip,2023-06-12,77.4286
ICICI_Bluechip,2023-06-13,77.9565
ICICI_Bluechip,2023-06-14,77.9651
ICICI_Bluechip,2023-06-15,78.5273
ICICI_Bluechip,2023-06-16,79.3826
ICICI_Bluechip,2023-06-19,79.3349
ICICI_Bluechip,2023-06-20,79.259
ICICI_Bluechip,2023-06-21,79.2999
ICICI_Bluechip,2023-06-22,78.3375
ICICI_Bluechip,2023-06-23,77.6483
ICICI_Bluechip,2023-06-26,77.8
ICICI_Bluechip,2023-06-27,78.1501
ICICI_Bluechip,2023-06-28,78.6424
ICICI_Bluechip,2023-06-30,79.0815
ICICI_Bluechip,2023-07-03,79.1417
ICICI_Bluechip,2023-07-04,79.7879
ICICI_Bluechip,2023-07-05,79.9962
ICICI_Bluechip,2023-07-06,80.3788
ICICI_Bluechip,2023-07-07,79.6889
ICICI_Bluechip,2023-07-10,78.8891
ICICI_Bluechip,2023-07-11,79.1498
ICICI_Bluechip,2023-07-12,79.3202
ICICI_Bluechip,2023-07-13,79.508
ICICI_Bluechip,2023-07-14,80.2997
ICICI_Bluechip,2023-07-17,80.1899
ICICI_Bluechip,2023-07-18,79.8305
ICICI_Bluechip,2023-07-19,80.4138
ICICI_Bluechip,2023-07-20,80.242
ICICI_Bluechip,2023-07-21,79.9104
ICICI_Bluechip,2023-07-24,79.672
ICICI_Bluechip,2023-07-25,79.7352
ICICI_Bluechip,2023-07-26,79.7424
ICICI_Bluechip,2023-07-27,79.2279
ICICI_Bluechip,2023-07-28,79.5813
ICICI_Bluechip,2023-07-31,79.6969
ICICI_Bluechip,2023-08-01,79.8018
ICICI_Bluechip,2023-08-02,79.1648
ICICI_Bluechip,2023-08-03,78.6486
ICICI_Bluechip,2023-08-04,79.4055
ICICI_Bluechip,2023-08-07,79.6001
ICICI_Bluechip,2023-08-08,79.3359
ICICI_Bluechip,2023-08-09,79.1715
ICICI_Bluechip,2023-08-10,78.8457
ICICI_Bluechip,2023-08-11,78.0866
ICICI_Bluechip,2023-08-14,77.6284
ICICI_Bluechip,2023-08-16,77.5465
ICICI_Bluechip,2023-08-17,77.1435
ICICI_Bluechip,2023-08-18,76.6833
ICICI_Bluechip,2023-08-21,77.3089
ICICI_Bluechip,2023-08-22,77.6152
ICICI_Bluechip,2023-08-23,77.7681
ICICI_Bluechip,2023-08-24,77.9647
ICICI_Bluechip,2023-08-25,77.7906
ICICI_Bluechip,2023-08-28,77.9343
ICICI_Bluechip,2023-08-29,78.4579
ICICI_Bluechip,2023-08-30,78.8146
ICICI_Bluechip,2023-08-31,78.33
ICICI_Bluechip,2023-09-01,78.7931
ICICI_Bluechip,2023-09-04,79.2103
ICICI_Bluechip,2023-09-05,79.6322
ICICI_Bluechip,2023-09-06,79.9096
ICICI_Bluechip,2023-09-07,80.2445
ICICI_Bluechip,2023-09-08,80.6406
ICICI_Bluechip,2023-09-11,81.2572
ICICI_Bluechip,2023-09-12,80.9115
ICICI_Bluechip,2023-09-13,80.88
ICICI_Bluechip,2023-09-14,81.4094
ICICI_Bluechip,2023-09-15,81.6974
ICICI_Bluechip,2023-09-18,81.6682
ICICI_Bluechip,2023-09-20,81.0945
ICICI_Bluechip,2023-09-21,80.4578
ICICI_Bluechip,2023-09-22,80.1359
ICICI_Bluechip,2023-09-25,80.5412
ICICI_Bluechip,2023-09-26,80.8138
ICICI_Bluechip,2023-09-27,80.9407
ICICI_Bluechip,2023-09-29,80.2623
ICICI_Bluechip,2023-10-03,80.4898
ICICI_Bluechip,2023-10-04,80.1873
ICICI_Bluechip,2023-10-05,80.5885
ICICI_Bluechip,2023-10-06,81.281
ICICI_Bluechip,2023-10-09,80.6672
ICICI_Bluechip,2023-10-10,81.3312
ICICI_Bluechip,2023-10-11,81.9337
ICICI_Bluechip,2023-10-12,81.5568
ICICI_Bluechip,2023-10-13,81.8571
ICICI_Bluechip,2023-10-16,81.4291
ICICI_Bluechip,2023-10-17,81.6217
ICICI_Bluechip,2023-10-18,81.0883
ICICI_Bluechip,2023-10-19,80.7616
ICICI_Bluechip,2023-10-20,80.6656
ICICI_Bluechip,2023-10-23,79.3914
ICICI_Bluechip,2023-10-25,78.9728
ICICI_Bluechip,2023-10-26,77.8286
ICICI_Bluechip,2023-10-27,78.5618
ICICI_Bluechip,2023-10-30,78.6548
ICICI_Bluechip,2023-10-31,78.7876
ICICI_Bluechip,2023-11-01,78.4438
ICICI_Bluechip,2023-11-02,79.0811
ICICI_Bluechip,2023-11-03,79.4676
ICICI_Bluechip,2023-11-06,80.2539
ICICI_Bluechip,2023-11-07,80.4516
ICICI_Bluechip,2023-11-08,80.8372
ICICI_Bluechip,2023-11-09,80.9422
ICICI_Bluechip,2023-11-10,81.0978
ICICI_Bluechip,2023-11-13,81.1712
ICICI_Bluechip,2023-11-15,81.9033
ICICI_Bluechip,2023-11-16,82.5266
ICICI_Bluechip,2023-11-17,82.6567
ICICI_Bluechip,2023-11-20,82.2374
ICICI_Bluechip,2023-11-21,82.3562
ICICI_Bluechip,2023-11-22,82.7354
ICICI_Bluechip,2023-11-23,82.3248
ICICI_Bluechip,2023-11-24,82.1289
ICICI_Bluechip,2023-11-28,82.5944
ICICI_Bluechip,2023-11-29,83.5921
ICICI_Bluechip,2023-11-30,84.2614
ICICI_Bluechip,2023-12-01,84.5496
ICICI_Bluechip,2023-12-04,85.3715
ICICI_Bluechip,2023-12-05,85.591
ICICI_Bluechip,2023-12-06,86.0435
ICICI_Bluechip,2023-12-07,86.3885
ICICI_Bluechip,2023-12-08,85.9606
ICICI_Bluechip,2023-12-11,86.2758
ICICI_Bluechip,2023-12-12,85.7571
ICICI_Bluechip,2023-12-13,85.5812
ICICI_Bluechip,2023-12-14,86.9194
ICICI_Bluechip,2023-12-15,87.4489
ICICI_Bluechip,2023-12-18,87.7642
ICICI_Bluechip,2023-12-19,87.7026
ICICI_Bluechip,2023-12-20,85.8692
ICICI_Bluechip,2023-12-21,86.3297
ICICI_Bluechip,2023-12-22,86.9823
ICICI_Bluechip,2023-12-26,87.1531
ICICI_Bluechip,2023-12-27,87.8865
ICICI_Bluechip,2023-12-28,88.2002
ICICI_Bluechip,2023-12-29,88.6224
ICICI_Bluechip,2024-01-01,88.5872
ICICI_Bluechip,2024-01-02,88.7896
ICICI_Bluechip,2024-01-03,88.276
ICICI_Bluechip,2024-01-04,89.3141
ICICI_Bluechip,2024-01-05,89.3931
ICICI_Bluechip,2024-01-08,88.4806
ICICI_Bluechip,2024-01-09,88.7379
ICICI_Bluechip,2024-01-10,88.6949
ICICI_Bluechip,2024-01-11,88.8697
ICICI_Bluechip,2024-01-12,89.2661
ICICI_Bluechip,2024-01-15,89.4426
ICICI_Bluechip,2024-01-16,89.0802
ICICI_Bluechip,2024-01-17,87.7973
ICICI_Bluechip,2024-01-18,87.3317
ICICI_Bluechip,2024-01-19,87.7628
ICICI_Bluechip,2024-01-23,86.1726
ICICI_Bluechip,2024-01-24,87.1611
ICICI_Bluechip,2024-01-25,86.7929
ICICI_Bluechip,2024-01-29,87.625
ICICI_Bluechip,2024-01-30,86.7464
ICICI_Bluechip,2024-01-31,87.6883
ICICI_Bluechip,2024-02-01,87.5274
ICICI_Bluechip,2024-02-02,88.0783
ICICI_Bluechip,2024-02-05,87.9175
ICICI_Bluechip,2024-02-06,88.8898
ICICI_Bluechip,2024-02-07,89.1219
ICICI_Bluechip,2024-02-08,88.8906
ICICI_Bluechip,2024-02-09,88.9904
ICICI_Bluechip,2024-02-12,88.4978
ICICI_Bluechip,2024-02-13,88.5891
ICICI_Bluechip,2024-02-14,88.6018
ICICI_Bluechip,2024-02-15,89.2836
ICICI_Bluechip,2024-02-16,89.9501
ICICI_Bluechip,2024-02-19,90.4864
ICICI_Bluechip,2024-02-20,90.5408
ICICI_Bluechip,2024-02-21,89.9277
ICICI_Bluechip,2024-02-22,90.5233
ICICI_Bluechip,2024-02-23,91.0211
ICICI_Bluechip,2024-02-26,90.4475
ICICI_Bluechip,2024-02-27,90.9648
ICICI_Bluechip,2024-02-28,89.799
ICICI_Bluechip,2024-02-29,89.9973
ICICI_Bluechip,2024-03-01,90.8589
ICICI_Bluechip,2024-03-04,90.746
ICICI_Bluechip,2024-03-05,90.0501
ICICI_Bluechip,2024-03-06,90.5435
ICICI_Bluechip,2024-03-07,90.9543
ICICI_Bluechip,2024-03-11,91.2347
ICICI_Bluechip,2024-03-12,91.1882
ICICI_Bluechip,2024-03-13,89.3397
ICICI_Bluechip,2024-03-14,90.2709
ICICI_Bluechip,2024-03-15,90.1664
ICICI_Bluechip,2024-03-18,90.5286
ICICI_Bluechip,2024-03-19,90.1635
ICICI_Bluechip,2024-03-20,90.1357
ICICI_Bluechip,2024-03-21,91.6362
ICICI_Bluechip,2024-03-22,92.3497
ICICI_Bluechip,2024-03-26,93.5808
ICICI_Bluechip,2024-03-27,93.9876
ICICI_Bluechip,2024-03-28,94.7358
ICICI_Bluechip,2024-03-31,94.7314
ICICI_Bluechip,2024-04-01,95.504
ICICI_Bluechip,2024-04-02,95.7608
ICICI_Bluechip,2024-04-03,95.9101
ICICI_Bluechip,2024-04-04,96.4476
ICICI_Bluechip,2024-04-05,96.6215
ICICI_Bluechip,2024-04-08,97.5362
ICICI_Bluechip,2024-04-09,97.5888
ICICI_Bluechip,2024-04-10,97.6149
ICICI_Bluechip,2024-04-12,97.352
ICICI_Bluechip,2024-04-15,95.7903
ICICI_Bluechip,2024-04-16,95.2528
ICICI_Bluechip,2024-04-18,94.7785
ICICI_Bluechip,2024-04-19,95.0403
ICICI_Bluechip,2024-04-22,95.5704
ICICI_Bluechip,2024-04-23,95.9438
ICICI_Bluechip,2024-04-24,96.3725
ICICI_Bluechip,2024-04-25,96.2399
ICICI_Bluechip,2024-04-26,95.5204
ICICI_Bluechip,2024-04-29,96.2744
ICICI_Bluechip,2024-04-30,96.3277
ICICI_Bluechip,2024-05-02,96.6825
ICICI_Bluechip,2024-05-03,96.2268
ICICI_Bluechip,2024-05-06,96.1226
ICICI_Bluechip,2024-05-07,95.2615
ICICI_Bluechip,2024-05-08,95.1781
ICICI_Bluechip,2024-05-09,94.1648
ICICI_Bluechip,2024-05-10,94.944
ICICI_Bluechip,2024-05-13,94.9181
ICICI_Bluechip,2024-05-14,95.0867
ICICI_Bluechip,2024-05-15,95.3403
ICICI_Bluechip,2024-05-16,95.8039
ICICI_Bluechip,2024-05-17,96.5667
ICICI_Bluechip,2024-05-21,96.6377
ICICI_Bluechip,2024-05-22,96.6311
ICICI_Bluechip,2024-05-23,97.6268
ICICI_Bluechip,2024-05-24,97.1641
ICICI_Bluechip,2024-05-27,97.2496
ICICI_Bluechip,2024-05-28,96.9662
ICICI_Bluechip,2024-05-29,96.422
ICICI_Bluechip,2024-05-30,95.26
ICICI_Bluechip,2024-05-31,95.3435
ICICI_Bluechip,2024-06-03,97.572
ICICI_Bluechip,2024-06-04,93.8529
ICICI_Bluechip,2024-06-05,97.1538
ICICI_Bluechip,2024-06-06,97.7973
ICICI_Bluechip,2024-06-07,99.5188
ICICI_Bluechip,2024-06-10,99.7429
ICICI_Bluechip,2024-06-11,99.8719
ICICI_Bluechip,2024-06-12,100.2724
ICICI_Bluechip,2024-06-13,101.0481
ICICI_Bluechip,2024-06-14,101.7146
ICICI_Bluechip,2024-06-18,102.2403
ICICI_Bluechip,2024-06-19,101.7992
ICICI_Bluechip,2024-06-20,101.8546
ICICI_Bluechip,2024-06-21,101.2079
ICICI_Bluechip,2024-06-24,101.9085
ICICI_Bluechip,2024-06-25,102.2506
ICICI_Bluechip,2024-06-26,102.4418
ICICI_Bluechip,2024-06-27,103.0033
ICICI_Bluechip,2024-06-28,102.6191
ICICI_Bluechip,2024-07-01,103.1944
ICICI_Bluechip,2024-07-02,102.868
ICICI_Bluechip,2024-07-03,103.5393
ICICI_Bluechip,2024-07-04,103.5511
ICICI_Bluechip,2024-07-05,103.8188
ICICI_Bluechip,2024-07-08,103.2534
ICICI_Bluechip,2024-07-09,103.826
ICICI_Bluechip,2024-07-10,103.6139
ICICI_Bluechip,2024-07-11,103.391
ICICI_Bluechip,2024-07-12,103.8648
ICICI_Bluechip,2024-07-15,104.2503
ICICI_Bluechip,2024-07-16,104.2689
ICICI_Bluechip,2024-07-18,104.7371
ICICI_Bluechip,2024-07-19,103.1529
ICICI_Bluechip,2024-07-22,103.7408
ICICI_Bluechip,2024-07-23,103.4111
ICICI_Bluechip,2024-07-24,103.5237
ICICI_Bluechip,2024-07-25,103.9297
ICICI_Bluechip,2024-07-26,105.5663
ICICI_Bluechip,2024-07-29,106.152
ICICI_Bluechip,2024-07-30,106.1309
ICICI_Bluechip,2024-07-31,107.2541
ICICI_Bluechip,2024-08-01,106.8677
ICICI_Bluechip,2024-08-02,106.2855
ICICI_Bluechip,2024-08-05,103.3697
ICICI_Bluechip,2024-08-06,102.7567
ICICI_Bluechip,2024-08-07,104.7231
ICICI_Bluechip,2024-08-08,104.0397
ICICI_Bluechip,2024-08-09,105.1196
ICICI_Bluechip,2024-08-12,104.7072
ICICI_Bluechip,2024-08-13,103.6796
ICICI_Bluechip,2024-08-14,103.5686
ICICI_Bluechip,2024-08-16,105.3212
ICICI_Bluechip,2024-08-19,105.1849
ICICI_Bluechip,2024-08-20,106.4228
ICICI_Bluechip,2024-08-21,106.4116
ICICI_Bluechip,2024-08-22,106.7491
ICICI_Bluechip,2024-08-23,106.6293
ICICI_Bluechip,2024-08-26,107.2803
ICICI_Bluechip,2024-08-27,107.7123
ICICI_Bluechip,2024-08-28,107.8057
ICICI_Bluechip,2024-08-29,107.8731
ICICI_Bluechip,2024-08-30,108.8193
ICICI_Bluechip,2024-08-31,108.8172
ICICI_Bluechip,2024-09-02,108.9623
ICICI_Bluechip,2024-09-03,108.8271
ICICI_Bluechip,2024-09-04,108.8874
ICICI_Bluechip,2024-09-05,108.8654
ICICI_Bluechip,2024-09-06,108.1266
ICICI_Bluechip,2024-09-09,108.295
ICICI_Bluechip,2024-09-10,108.8255
ICICI_Bluechip,2024-09-11,108.7761
ICICI_Bluechip,2024-09-12,110.5163
ICICI_Bluechip,2024-09-13,110.5442
ICICI_Bluechip,2024-09-16,110.7179
ICICI_Bluechip,2024-09-17,110.9778
ICICI_Bluechip,2024-09-18,111.2418
ICICI_Bluechip,2024-09-19,111.1788
ICICI_Bluechip,2024-09-20,112.7908
ICICI_Bluechip,2024-09-23,113.547
ICICI_Bluechip,2024-09-24,113.5942
ICICI_Bluechip,2024-09-25,113.1368
ICICI_Bluechip,2024-09-26,113.6849
ICICI_Bluechip,2024-09-27,113.6083
ICICI_Bluechip,2024-09-30,112.3338
ICICI_Bluechip,2024-10-01,112.3285
ICICI_Bluechip,2024-10-03,110.1986
ICICI_Bluechip,2024-10-04,109.2162
ICICI_Bluechip,2024-10-07,107.8549
ICICI_Bluechip,2024-10-08,109.2294
ICICI_Bluechip,2024-10-09,110.5143
ICICI_Bluechip,2024-10-10,110.2257
ICICI_Bluechip,2024-10-11,110.2456
ICICI_Bluechip,2024-10-14,110.681
ICICI_Bluechip,2024-10-15,110.569
ICICI_Bluechip,2024-10-16,110.0784
ICICI_Bluechip,2024-10-17,108.5302
ICICI_Bluechip,2024-10-18,108.7862
ICICI_Bluechip,2024-10-21,108.0928
ICICI_Bluechip,2024-10-22,106.4297
ICICI_Bluechip,2024-10-23,106.768
ICICI_Bluechip,2024-10-24,106.5309
ICICI_Bluechip,2024-10-25,105.8433
ICICI_Bluechip,2024-10-28,105.3964
ICICI_Bluechip,2024-10-29,105.9613
ICICI_Bluechip,2024-10-30,105.6041
ICICI_Bluechip,2024-10-31,105.222
ICICI_Bluechip,2024-11-04,104.8151
ICICI_Bluechip,2024-11-05,104.9973
ICICI_Bluechip,2024-11-06,106.7263
ICICI_Bluechip,2024-11-07,105.9354
ICICI_Bluechip,2024-11-08,105.3856
ICICI_Bluechip,2024-11-11,105.1594
ICICI_Bluechip,2024-11-12,104.013
ICICI_Bluechip,2024-11-13,102.2523
ICICI_Bluechip,2024-11-14,102.3533
ICICI_Bluechip,2024-11-18,102.287
ICICI_Bluechip,2024-11-19,102.9426
ICICI_Bluechip,2024-11-21,102.6084
ICICI_Bluechip,2024-11-22,104.0153
ICICI_Bluechip,2024-11-25,105.6098
ICICI_Bluechip,2024-11-26,105.3089
ICICI_Bluechip,2024-11-27,105.5935
ICICI_Bluechip,2024-11-28,104.5539
ICICI_Bluechip,2024-11-29,105.2259
ICICI_Bluechip,2024-11-30,105.2243
ICICI_Bluechip,2024-12-02,106.339
ICICI_Bluechip,2024-12-03,107.207
ICICI_Bluechip,2024-12-04,107.6559
ICICI_Bluechip,2024-12-05,108.3787
ICICI_Bluechip,2024-12-06,108.4356
ICICI_Bluechip,2024-12-09,108.3583
ICICI_Bluechip,2024-12-10,108.5727
ICICI_Bluechip,2024-12-11,108.7957
ICICI_Bluechip,2024-12-12,108.5429
ICICI_Bluechip,2024-12-13,108.8347
ICICI_Bluechip,2024-12-16,108.7447
ICICI_Bluechip,2024-12-17,107.6416
ICICI_Bluechip,2024-12-18,107.2865
ICICI_Bluechip,2024-12-19,106.5383
ICICI_Bluechip,2024-12-20,104.3714
ICICI_Bluechip,2024-12-23,104.9395
ICICI_Bluechip,2024-12-24,104.7647
ICICI_Bluechip,2024-12-26,104.9719
ICICI_Bluechip,2024-12-27,105.0556
ICICI_Bluechip,2024-12-30,104.8623
ICICI_Bluechip,2024-12-31,104.8418
ICICI_Bluechip,2025-01-01,105.2098
ICICI_Bluechip,2025-01-02,107.1106
ICICI_Bluechip,2025-01-03,106.6103
ICICI_Bluechip,2025-01-06,104.6558
ICICI_Bluechip,2025-01-07,104.7743
ICICI_Bluechip,2025-01-08,103.8402
ICICI_Bluechip,2025-01-09,103.1098
ICICI_Bluechip,2025-01-10,102.1012
ICICI_Bluechip,2025-01-13,99.3562
ICICI_Bluechip,2025-01-14,100.491
ICICI_Bluechip,2025-01-15,100.6352
ICICI_Bluechip,2025-01-16,101.4904
ICICI_Bluechip,2025-01-17,101.1868
ICICI_Bluechip,2025-01-20,101.7412
ICICI_Bluechip,2025-01-21,99.7482
ICICI_Bluechip,2025-01-22,99.589
ICICI_Bluechip,2025-01-23,100.7177
ICICI_Bluechip,2025-01-24,99.8878
ICICI_Bluechip,2025-01-27,98.2629
ICICI_Bluechip,2025-01-28,98.499
ICICI_Bluechip,2025-01-29,100.3048
ICICI_Bluechip,2025-01-30,100.5817
ICICI_Bluechip,2025-01-31,101.3764
ICICI_Bluechip,2025-02-03,101.8419
ICICI_Bluechip,2025-02-04,103.0829
ICICI_Bluechip,2025-02-05,103.119
ICICI_Bluechip,2025-02-06,102.6583
ICICI_Bluechip,2025-02-07,102.7818
ICICI_Bluechip,2025-02-10,101.4198
ICICI_Bluechip,2025-02-11,99.5049
ICICI_Bluechip,2025-02-12,99.4579
ICICI_Bluechip,2025-02-13,99.6044
ICICI_Bluechip,2025-02-14,98.4378
ICICI_Bluechip,2025-02-17,98.3385
ICICI_Bluechip,2025-02-18,98.3192
ICICI_Bluechip,2025-02-19,98.672
ICICI_Bluechip,2025-02-20,98.9287
ICICI_Bluechip,2025-02-21,98.1576
ICICI_Bluechip,2025-02-24,97.2366
ICICI_Bluechip,2025-02-25,97.3105
ICICI_Bluechip,2025-02-27,96.8975
ICICI_Bluechip,2025-02-28,94.9501
ICICI_Bluechip,2025-03-03,95.4362
ICICI_Bluechip,2025-03-04,95.5268
ICICI_Bluechip,2025-03-05,96.6508
ICICI_Bluechip,2025-03-06,97.2896
ICICI_Bluechip,2025-03-07,97.102
ICICI_Bluechip,2025-03-10,96.3467
ICICI_Bluechip,2025-03-11,96.6916
ICICI_Bluechip,2025-03-12,96.5719
ICICI_Bluechip,2025-03-13,96.1511
ICICI_Bluechip,2025-03-17,96.9284
ICICI_Bluechip,2025-03-18,98.7757
ICICI_Bluechip,2025-03-19,99.6691
ICICI_Bluechip,2025-03-20,100.6482
ICICI_Bluechip,2025-03-21,101.6223
ICICI_Bluechip,2025-03-24,102.5148
ICICI_Bluechip,2025-03-25,102.1034
ICICI_Bluechip,2025-03-26,101.5005
ICICI_Bluechip,2025-03-27,101.9948
ICICI_Bluechip,2025-03-28,101.5135
ICICI_Bluechip,2025-03-31,101.5097
ICICI_Bluechip,2025-04-01,100.0834
ICICI_Bluechip,2025-04-02,101.0307
ICICI_Bluechip,2025-04-03,100.777
ICICI_Bluechip,2025-04-04,99.3327
ICICI_Bluechip,2025-04-07,96.4224
ICICI_Bluechip,2025-04-08,98.1202
ICICI_Bluechip,2025-04-09,97.7243
ICICI_Bluechip,2025-04-11,99.4468
ICICI_Bluechip,2025-04-15,101.8933
ICICI_Bluechip,2025-04-16,102.318
ICICI_Bluechip,2025-04-17,103.6475
ICICI_Bluechip,2025-04-21,104.8758
ICICI_Bluechip,2025-04-22,105.2172
ICICI_Bluechip,2025-04-23,105.8792
ICICI_Bluechip,2025-04-24,105.5627
ICICI_Bluechip,2025-04-25,104.075
ICICI_Bluechip,2025-04-28,104.9692
ICICI_Bluechip,2025-04-29,104.8552
ICICI_Bluechip,2025-04-30,104.6451
ICICI_Bluechip,2025-05-02,104.4724
ICICI_Bluechip,2025-05-05,105.2187
ICICI_Bluechip,2025-05-06,104.2762
ICICI_Bluechip,2025-05-07,104.8398
ICICI_Bluechip,2025-05-08,103.5049
ICICI_Bluechip,2025-05-09,102.6314
ICICI_Bluechip,2025-05-12,106.1881
ICICI_Bluechip,2025-05-13,105.499
ICICI_Bluechip,2025-05-14,106.0607
ICICI_Bluechip,2025-05-15,107.2349
ICICI_Bluechip,2025-05-16,107.4778
ICICI_Bluechip,2025-05-19,107.379
ICICI_Bluechip,2025-05-20,105.8304
ICICI_Bluechip,2025-05-21,106.6077
ICICI_Bluechip,2025-05-22,106.1852
ICICI_Bluechip,2025-05-23,107.0146
ICICI_Bluechip,2025-05-26,107.4818
ICICI_Bluechip,2025-05-27,107.03
ICICI_Bluechip,2025-05-28,106.7675
ICICI_Bluechip,2025-05-29,107.1679
ICICI_Bluechip,2025-05-30,106.9783
ICICI_Bluechip,2025-05-31,106.9766
ICICI_Bluechip,2025-06-02,107.0707
ICICI_Bluechip,2025-06-03,106.5283
ICICI_Bluechip,2025-06-04,107.0655
ICICI_Bluechip,2025-06-05,107.5533
ICICI_Bluechip,2025-06-06,108.4007
ICICI_Bluechip,2025-06-09,108.9621
ICICI_Bluechip,2025-06-10,108.8321
ICICI_Bluechip,2025-06-11,108.7816
ICICI_Bluechip,2025-06-12,107.5691
ICICI_Bluechip,2025-06-13,107.014
ICICI_Bluechip,2025-06-16,107.9842
ICICI_Bluechip,2025-06-17,107.5374
ICICI_Bluechip,2025-06-18,107.2775
ICICI_Bluechip,2025-06-19,106.6482
ICICI_Bluechip,2025-06-20,108.1514
ICICI_Bluechip,2025-06-23,107.9543
ICICI_Bluechip,2025-06-24,108.5319
ICICI_Bluechip,2025-06-25,109.3692
ICICI_Bluechip,2025-06-26,110.2355
ICICI_Bluechip,2025-06-27,110.74
ICICI_Bluechip,2025-06-30,110.6845
ICICI_Bluechip,2025-07-01,110.588
ICICI_Bluechip,2025-07-02,110.2267
ICICI_Bluechip,2025-07-03,109.8742
ICICI_Bluechip,2025-07-04,110.133
ICICI_Bluechip,2025-07-07,109.9783
ICICI_Bluechip,2025-07-08,110.1649
ICICI_Bluechip,2025-07-09,110.2936
ICICI_Bluechip,2025-07-10,109.7323
ICICI_Bluechip,2025-07-11,108.6737
ICICI_Bluechip,2025-07-14,108.827
ICICI_Bluechip,2025-07-15,109.4895
ICICI_Bluechip,2025-07-16,109.4752
ICICI_Bluechip,2025-07-17,109.3117
ICICI_Bluechip,2025-07-18,108.78
ICICI_Bluechip,2025-07-21,109.7098
ICICI_Bluechip,2025-07-22,109.7437
ICICI_Bluechip,2025-07-23,110.268
ICICI_Bluechip,2025-07-24,109.8416
ICICI_Bluechip,2025-07-25,108.763
ICICI_Bluechip,2025-07-28,107.8724
ICICI_Bluechip,2025-07-29,108.5168
ICICI_Bluechip,2025-07-30,108.8599
ICICI_Bluechip,2025-07-31,108.4305
ICICI_Bluechip,2025-08-01,107.3597
ICICI_Bluechip,2025-08-04,108.1149
ICICI_Bluechip,2025-08-05,108.0923
ICICI_Bluechip,2025-08-06,107.5084
ICICI_Bluechip,2025-08-07,107.8011
ICICI_Bluechip,2025-08-08,106.5285
ICICI_Bluechip,2025-08-11,107.3883
ICICI_Bluechip,2025-08-12,106.9215
ICICI_Bluechip,2025-08-13,107.7607
ICICI_Bluechip,2025-08-14,107.8455
ICICI_Bluechip,2025-08-18,109.045
ICICI_Bluechip,2025-08-19,109.5723
ICICI_Bluechip,2025-08-20,110.0113
ICICI_Bluechip,2025-08-21,110.1151
ICICI_Bluechip,2025-08-22,109.6513
ICICI_Bluechip,2025-08-25,109.9294
ICICI_Bluechip,2025-08-26,108.7132
ICICI_Bluechip,2025-08-28,107.4756
ICICI_Bluechip,2025-08-29,107.1259
ICICI_Bluechip,2025-08-31,107.1217
ICICI_Bluechip,2025-09-01,108.3462
ICICI_Bluechip,2025-09-02,108.2047
ICICI_Bluechip,2025-09-03,108.7666
ICICI_Bluechip,2025-09-04,108.9265
ICICI_Bluechip,2025-09-05,108.7583
ICICI_Bluechip,2025-09-08,108.9657
ICICI_Bluechip,2025-09-09,109.2062
ICICI_Bluechip,2025-09-10,109.7209
ICICI_Bluechip,2025-09-11,109.7409
ICICI_Bluechip,2025-09-12,110.0814
ICICI_Bluechip,2025-09-15,110.1522
ICICI_Bluechip,2025-09-16,110.8008
ICICI_Bluechip,2025-09-17,111.2323
ICICI_Bluechip,2025-09-18,111.5335
ICICI_Bluechip,2025-09-19,111.231
ICICI_Bluechip,2025-09-22,110.7182
ICICI_Bluechip,2025-09-23,110.3401
ICICI_Bluechip,2025-09-24,109.7608
ICICI_Bluechip,2025-09-25,108.9191
ICICI_Bluechip,2025-09-26,107.2246
ICICI_Bluechip,2025-09-30,107.3134
ICICI_Bluechip,2025-10-01,107.8239
ICICI_Bluechip,2025-10-03,108.1386
ICICI_Bluechip,2025-10-06,108.9326
ICICI_Bluechip,2025-10-07,109.3201
ICICI_Bluechip,2025-10-08,109.065
ICICI_Bluechip,2025-10-09,109.5882
ICICI_Bluechip,2025-10-10,109.959
ICICI_Bluechip,2025-10-13,109.9552
ICICI_Bluechip,2025-10-14,109.6634
ICICI_Bluechip,2025-10-15,110.7365
ICICI_Bluechip,2025-10-16,111.5399
ICICI_Bluechip,2025-10-17,111.7489
ICICI_Bluechip,2025-10-20,111.9025
ICICI_Bluechip,2025-10-23,111.8587
ICICI_Bluechip,2025-10-24,111.6549
ICICI_Bluechip,2025-10-27,112.2705
ICICI_Bluechip,2025-10-28,111.9031
ICICI_Bluechip,2025-10-29,112.4068
ICICI_Bluechip,2025-10-30,111.8699
ICICI_Bluechip,2025-10-31,111.0948
ICICI_Bluechip,2025-11-03,111.7992
ICICI_Bluechip,2025-11-04,111.4046
ICICI_Bluechip,2025-11-06,110.4409
ICICI_Bluechip,2025-11-07,110.4431
ICICI_Bluechip,2025-11-10,110.9776
ICICI_Bluechip,2025-11-11,111.1622
ICICI_Bluechip,2025-11-12,111.5788
ICICI_Bluechip,2025-11-13,111.4226
ICICI_Bluechip,2025-11-14,111.2034
ICICI_Bluechip,2025-11-17,111.7933
ICICI_Bluechip,2025-11-18,111.1769
ICICI_Bluechip,2025-11-19,111.7018
ICICI_Bluechip,2025-11-20,112.0795
ICICI_Bluechip,2025-11-21,111.1918
ICICI_Bluechip,2025-11-24,110.661
ICICI_Bluechip,2025-11-25,110.5608
ICICI_Bluechip,2025-11-26,111.8355
ICICI_Bluechip,2025-11-27,111.8115
ICICI_Bluechip,2025-11-28,111.8357
ICICI_Bluechip,2025-11-30,111.8311
ICICI_Bluechip,2025-12-01,111.6365
ICICI_Bluechip,2025-12-02,111.2677
ICICI_Bluechip,2025-12-03,110.7813
ICICI_Bluechip,2025-12-04,110.8486
ICICI_Bluechip,2025-12-05,111.1487
ICICI_Bluechip,2025-12-08,109.6141
ICICI_Bluechip,2025-12-09,109.7035
ICICI_Bluechip,2025-12-10,109.0886
ICICI_Bluechip,2025-12-11,109.7762
ICICI_Bluechip,2025-12-12,110.519
ICICI_Bluechip,2025-12-15,110.3582
ICICI_Bluechip,2025-12-16,109.7392
ICICI_Bluechip,2025-12-17,109.3091
ICICI_Bluechip,2025-12-18,109.2532
ICICI_Bluechip,2025-12-19,110.1534
ICICI_Bluechip,2025-12-22,110.7862
ICICI_Bluechip,2025-12-23,110.852
ICICI_Bluechip,2025-12-24,110.6485
ICICI_Bluechip,2025-12-26,110.2666
ICICI_Bluechip,2025-12-29,109.8211
ICICI_Bluechip,2025-12-30,109.5506
ICICI_Bluechip,2025-12-31,110.2419
ICICI_Bluechip,2026-01-01,110.5516
ICICI_Bluechip,2026-01-02,111.5357
ICICI_Bluechip,2026-01-05,111.1802
ICICI_Bluechip,2026-01-06,111.2492
ICICI_Bluechip,2026-01-07,111.3106
ICICI_Bluechip,2026-01-08,110.0573
ICICI_Bluechip,2026-01-09,108.8498
ICICI_Bluechip,2026-01-12,108.8931
ICICI_Bluechip,2026-01-13,108.8425
ICICI_Bluechip,2026-01-14,108.5048
ICICI_Bluechip,2026-01-16,108.6446
ICICI_Bluechip,2026-01-19,108.3617
ICICI_Bluechip,2026-01-20,106.5056
ICICI_Bluechip,2026-01-21,106.0731
ICICI_Bluechip,2026-01-22,106.8714
ICICI_Bluechip,2026-01-23,105.7171
ICICI_Bluechip,2026-01-27,105.945
ICICI_Bluechip,2026-01-28,107.0296
ICICI_Bluechip,2026-01-29,107.1759
ICICI_Bluechip,2026-01-30,107.1918
ICICI_Bluechip,2026-01-31,107.1897
ICICI_Bluechip,2026-02-02,106.1596
ICICI_Bluechip,2026-02-03,109.0955
ICICI_Bluechip,2026-02-04,109.288
ICICI_Bluechip,2026-02-05,109.0137
ICICI_Bluechip,2026-02-06,109.1756
ICICI_Bluechip,2026-02-09,110.3845
ICICI_Bluechip,2026-02-10,110.6519
ICICI_Bluechip,2026-02-11,110.8392
ICICI_Bluechip,2026-02-12,110.5365
ICICI_Bluechip,2026-02-13,109.3409
ICICI_Bluechip,2026-02-16,109.8444
ICICI_Bluechip,2026-02-17,110.0806
ICICI_Bluechip,2026-02-18,110.6303
ICICI_Bluechip,2026-02-19,109.0091
ICICI_Bluechip,2026-02-20,109.5273
ICICI_Bluechip,2026-02-23,110.291
ICICI_Bluechip,2026-02-24,109.3681
ICICI_Bluechip,2026-02-25,109.9293
ICICI_Bluechip,2026-02-26,110.2945
ICICI_Bluechip,2026-02-27,108.9345
ICICI_Bluechip,2026-02-28,108.9325
ICICI_Bluechip,2026-03-02,107.5231
ICICI_Bluechip,2026-03-04,105.4928
ICICI_Bluechip,2026-03-05,106.7297
ICICI_Bluechip,2026-03-06,105.405
ICICI_Bluechip,2026-03-09,103.3882
ICICI_Bluechip,2026-03-10,104.7593
ICICI_Bluechip,2026-03-11,102.9776
ICICI_Bluechip,2026-03-12,101.9718
ICICI_Bluechip,2026-03-13,99.7111
ICICI_Bluechip,2026-03-16,100.396
ICICI_Bluechip,2026-03-17,101.2496
ICICI_Bluechip,2026-03-18,102.4592
ICICI_Bluechip,2026-03-19,99.1597
ICICI_Bluechip,2026-03-20,99.6142
ICICI_Bluechip,2026-03-23,96.713
ICICI_Bluechip,2026-03-24,98.6597
ICICI_Bluechip,2026-03-25,100.7319
ICICI_Bluechip,2026-03-27,98.6739
ICICI_Bluechip,2026-03-30,96.2768
ICICI_Bluechip,2026-03-31,96.2753
ICICI_Bluechip,2026-04-01,97.7184
ICICI_Bluechip,2026-04-02,97.52
ICICI_Bluechip,2026-04-06,98.8014
ICICI_Bluechip,2026-04-07,99.3876
ICICI_Bluechip,2026-04-08,103.2833
ICICI_Bluechip,2026-04-09,102.5494
ICICI_Bluechip,2026-04-10,104.1348
ICICI_Bluechip,2026-04-13,103.2303
ICICI_Bluechip,2026-04-15,104.9259
ICICI_Bluechip,2026-04-16,105.117
ICICI_Bluechip,2026-04-17,105.9826
ICICI_Bluechip,2026-04-20,106.2063
ICICI_Bluechip,2026-04-21,107.2434
ICICI_Bluechip,2026-04-22,106.8299
ICICI_Bluechip,2026-04-23,106.1301
ICICI_Bluechip,2026-04-24,105.0928
ICICI_Bluechip,2026-04-27,106.0528
ICICI_Bluechip,2026-04-28,105.6212
ICICI_Bluechip,2026-04-29,106.0698
ICICI_Bluechip,2026-04-30,105.2845
ICICI_Bluechip,2026-05-04,105.7449
ICICI_Bluechip,2026-05-05,105.8387
ICICI_Bluechip,2026-05-06,107.3354
ICICI_Bluechip,2026-05-07,107.6729
ICICI_Bluechip,2026-05-08,107.15
ICICI_Bluechip,2026-05-11,105.6066
ICICI_Bluechip,2026-05-12,103.3384
ICICI_Bluechip,2026-05-13,103.396
ICICI_Bluechip,2026-05-14,104.5531
ICICI_Bluechip,2026-05-15,104.2918
ICICI_Bluechip,2026-05-18,104.1556
ICICI_Bluechip,2026-05-19,104.2767
ICICI_Bluechip,2026-05-20,104.6046
ICICI_Bluechip,2026-05-21,104.4915
ICICI_Bluechip,2026-05-22,104.7708
ICICI_Bluechip,2026-05-25,105.9217
ICICI_Bluechip,2026-05-26,105.5115
ICICI_Bluechip,2026-05-27,105.9296
ICICI_Bluechip,2026-05-29,104.3129
ICICI_Bluechip,2026-05-31,104.3083
ICICI_Bluechip,2026-06-01,103.0948
ICICI_Bluechip,2026-06-02,103.5959
ICICI_Bluechip,2026-06-03,103.4809
ICICI_Bluechip,2026-06-04,103.6421
ICICI_Bluechip,2026-06-05,103.8102
ICICI_Bluechip,2026-06-08,102.4845
ICICI_Bluechip,2026-06-09,103.5259
ICICI_Bluechip,2026-06-10,103.1873
ICICI_Bluechip,2026-06-11,102.8808
ICICI_Bluechip,2026-06-12,105.2124
ICICI_Bluechip,2026-06-15,106.5977
ICICI_Bluechip,2026-06-16,107.014
ICICI_Bluechip,2026-06-17,107.5348
ICICI_Bluechip,2026-06-18,108.0081
ICICI_Bluechip,2026-06-19,107.9636
ICICI_Bluechip,2026-06-22,108.4681
ICICI_Bluechip,2026-06-23,107.5421
ICICI_Bluechip,2026-06-24,108.2944
ICICI_Bluechip,2026-06-25,108.3758
ICICI_Bluechip,2026-06-29,107.7804
ICICI_Bluechip,2026-06-30,108.0088
ICICI_Bluechip,2026-07-01,108.6895
ICICI_Bluechip,2026-07-02,109.4883
ICICI_Bluechip,2026-07-03,109.3672
ICICI_Bluechip,2026-07-06,110.2532
ICICI_Bluechip,2026-07-07,110.0997
ICICI_Bluechip,2026-07-08,107.9598
ICICI_Bluechip,2026-07-09,108.7362
ICICI_Bluechip,2026-07-10,109.7969
ICICI_Bluechip,2026-07-13,109.605
ICICI_Bluechip,2026-07-14,109.0188
ICICI_Bluechip,2026-07-15,109.6775
ICICI_Bluechip,2026-07-16,109.2867
ICICI_Bluechip,2026-07-17,109.8582
ICICI_Bluechip,2026-07-20,109.8895
ICICI_Bluechip,2026-07-21,110.1859
ICICI_Bluechip,2026-07-22,109.2279
ICICI_Bluechip,2026-07-23,108.5863
ICICI_Bluechip,2026-07-24,108.0484
